HT,AT,WINNER,HS,AS,Q1H,Q1A,Q2H,Q2A,Q3H,Q3A,Q4H,Q4A
Barcelona,Panathinaikos,Barcelona,98,86,28,23,27,24,16,18,27,21
Lyon-Villeurbanne,Olimpia Milano,Lyon-Villeurbanne,89,82,20,24,18,21,32,16,19,21
Bayern,Zenit Petersburg,Bayern,77,69,14,15,23,20,24,15,16,19
Zalgiris Kaunas,Valencia,Valencia,82,86,21,19,27,28,9,17,25,22
Real Madrid,Olympiacos,Real Madrid,93,77,21,10,20,20,31,18,21,29
Maccabi Tel Aviv,CSKA Moscow,Maccabi Tel Aviv,90,80,20,29,25,23,21,12,24,16
Crvena zvezda mts,Baskonia,Baskonia,64,72,14,20,17,12,12,24,21,16
Fenerbahce,Anadolu Efes,Anadolu Efes,73,81,22,20,16,18,11,21,24,22
Khimki M.,Alba Berlin,Khimki M.,104,87,23,32,31,19,23,12,27,24
Baskonia,Anadolu Efes,Anadolu Efes,77,102,16,26,19,29,18,21,24,26
Panathinaikos,Olympiacos,Panathinaikos,99,93,18,17,28,22,17,22,23,25
Fenerbahce,Alba Berlin,Fenerbahce,107,102,30,16,11,24,24,22,23,26
Khimki M.,Barcelona,Barcelona,94,102,22,31,26,30,22,23,24,18
Zenit Petersburg,Lyon-Villeurbanne,Zenit Petersburg,75,70,17,15,13,21,23,13,22,21
Real Madrid,Valencia,Real Madrid,111,99,30,29,23,20,27,21,31,29
Olimpia Milano,Crvena zvezda mts,Crvena zvezda mts,67,77,18,20,22,19,10,18,17,20
Maccabi Tel Aviv,Bayern,Maccabi Tel Aviv,77,55,22,18,19,8,12,21,24,8
CSKA Moscow,Zalgiris Kaunas,CSKA Moscow,85,82,9,17,23,14,19,19,18,19
Barcelona,CSKA Moscow,CSKA Moscow,67,96,20,18,18,33,12,25,17,20
Olympiacos,Olimpia Milano,Olympiacos,91,70,15,19,25,18,31,16,20,17
Anadolu Efes,Bayern,Anadolu Efes,104,75,30,22,27,18,19,18,28,17
Zenit Petersburg,Real Madrid,Real Madrid,71,86,19,22,18,22,19,22,15,20
Maccabi Tel Aviv,Lyon-Villeurbanne,Maccabi Tel Aviv,93,62,20,17,23,17,24,13,26,15
Alba Berlin,Zalgiris Kaunas,Alba Berlin,69,62,15,7,17,19,15,20,22,16
Panathinaikos,Baskonia,Panathinaikos,100,68,20,17,26,19,26,15,28,17
Crvena zvezda mts,Valencia,Crvena zvezda mts,76,73,17,19,20,22,23,10,16,22
Fenerbahce,Khimki M.,Fenerbahce,89,76,28,24,16,25,21,6,24,21
Barcelona,Maccabi Tel Aviv,Barcelona,96,73,21,18,22,28,31,20,22,7
Baskonia,Zenit Petersburg,Baskonia,70,60,15,18,19,10,18,16,18,16
Real Madrid,CSKA Moscow,Real Madrid,97,81,23,19,29,29,23,16,22,17
Lyon-Villeurbanne,Fenerbahce,Fenerbahce,72,88,16,19,20,29,16,19,20,21
Bayern,Panathinaikos,Panathinaikos,75,87,24,16,11,20,18,29,22,22
Valencia,Khimki M.,Valencia,89,84,26,33,25,15,21,22,17,14
Olimpia Milano,Anadolu Efes,Anadolu Efes,76,81,17,16,22,25,21,21,16,19
Alba Berlin,Olympiacos,Olympiacos,80,99,17,30,21,25,19,21,23,23
Zalgiris Kaunas,Crvena zvezda mts,Crvena zvezda mts,59,61,21,16,10,17,15,14,13,14
Barcelona,Fenerbahce,Barcelona,89,63,25,15,19,15,23,10,22,23
Baskonia,CSKA Moscow,Baskonia,80,70,24,19,21,23,17,17,18,11
Real Madrid,Khimki M.,Real Madrid,104,76,31,25,34,17,27,14,12,20
Valencia,Zenit Petersburg,Valencia,94,90,15,16,18,22,24,25,37,27
Lyon-Villeurbanne,Anadolu Efes,Anadolu Efes,84,90,22,25,23,21,21,24,18,20
Olimpia Milano,Maccabi Tel Aviv,Olimpia Milano,92,88,21,21,26,21,24,22,21,24
Bayern,Olympiacos,Bayern,85,82,23,17,20,27,12,19,30,19
Alba Berlin,Crvena zvezda mts,Alba Berlin,93,80,21,15,25,19,21,20,26,26
Zalgiris Kaunas,Panathinaikos,Panathinaikos,85,86,16,19,17,22,20,23,32,22
Valencia,Bayern,Valencia,82,56,20,16,19,13,20,18,23,9
Olympiacos,Zalgiris Kaunas,Olympiacos,83,74,19,18,18,21,23,16,23,19
Crvena zvezda mts,Lyon-Villeurbanne,Lyon-Villeurbanne,72,74,16,14,20,18,18,15,11,18
CSKA Moscow,Fenerbahce,CSKA Moscow,88,70,21,17,18,17,25,15,24,21
Baskonia,Maccabi Tel Aviv,Maccabi Tel Aviv,83,113,21,28,11,27,26,31,25,27
Real Madrid,Barcelona,Real Madrid,86,76,32,14,16,36,23,14,15,12
Panathinaikos,Alba Berlin,Alba Berlin,105,106,31,31,18,27,20,16,19,14
Anadolu Efes,Zenit Petersburg,Anadolu Efes,90,88,21,14,21,16,27,20,21,38
Khimki M.,Olimpia Milano,Khimki M.,87,79,22,25,25,26,18,14,22,14
Lyon-Villeurbanne,CSKA Moscow,Lyon-Villeurbanne,67,66,12,17,21,13,17,22,17,14
Panathinaikos,Valencia,Panathinaikos,91,80,26,18,19,17,23,29,23,16
Zalgiris Kaunas,Barcelona,Barcelona,86,93,20,23,20,24,21,19,25,27
Fenerbahce,Bayern,Fenerbahce,90,82,18,15,22,24,21,23,29,20
Olimpia Milano,Baskonia,Olimpia Milano,81,74,14,19,26,15,16,19,25,21
Maccabi Tel Aviv,Alba Berlin,Maccabi Tel Aviv,104,78,21,19,31,18,31,18,21,23
Olympiacos,Anadolu Efes,Anadolu Efes,67,86,24,21,11,32,23,14,9,19
Crvena zvezda mts,Real Madrid,Real Madrid,60,75,9,12,18,21,25,16,8,26
Zenit Petersburg,Khimki M.,Khimki M.,73,87,28,28,15,24,17,16,13,19
Baskonia,Bayern,Baskonia,93,60,29,10,23,19,14,18,27,13
Real Madrid,Alba Berlin,Real Madrid,85,71,28,14,14,24,22,18,21,15
Olympiacos,Maccabi Tel Aviv,Maccabi Tel Aviv,65,90,21,24,19,21,16,23,9,22
Olimpia Milano,Barcelona,Olimpia Milano,83,70,15,20,15,17,22,21,31,12
Valencia,Lyon-Villeurbanne,Valencia,81,72,16,18,19,18,21,16,25,20
Fenerbahce,Zalgiris Kaunas,Zalgiris Kaunas,76,79,17,17,23,16,19,19,17,27
Zenit Petersburg,CSKA Moscow,CSKA Moscow,70,87,15,26,22,22,22,13,11,26
Panathinaikos,Anadolu Efes,Panathinaikos,86,70,24,19,18,19,21,16,23,16
Crvena zvezda mts,Khimki M.,Crvena zvezda mts,90,78,28,22,22,19,30,15,10,22
Barcelona,Valencia,Barcelona,83,77,21,19,23,22,18,24,21,12
Bayern,Real Madrid,Bayern,95,86,22,20,19,18,26,19,28,29
Maccabi Tel Aviv,Fenerbahce,Maccabi Tel Aviv,67,55,12,6,29,15,11,20,15,14
Zalgiris Kaunas,Zenit Petersburg,Zenit Petersburg,70,82,18,14,10,14,15,16,19,18
CSKA Moscow,Olympiacos,Olympiacos,79,84,24,18,15,25,21,21,19,20
Lyon-Villeurbanne,Baskonia,Lyon-Villeurbanne,66,63,16,23,14,13,18,13,18,14
Alba Berlin,Olimpia Milano,Olimpia Milano,78,81,18,17,15,9,17,27,28,28
Anadolu Efes,Crvena zvezda mts,Anadolu Efes,85,70,21,9,17,17,18,25,29,19
Khimki M.,Panathinaikos,Khimki M.,103,86,25,29,25,26,27,18,26,13
Baskonia,Olympiacos,Baskonia,82,66,23,21,18,15,17,13,24,17
Olimpia Milano,Fenerbahce,Olimpia Milano,87,74,20,11,21,18,25,26,21,19
Alba Berlin,CSKA Moscow,CSKA Moscow,66,82,15,17,19,22,8,22,24,21
Zalgiris Kaunas,Lyon-Villeurbanne,Zalgiris Kaunas,70,56,14,20,19,8,22,17,15,11
Crvena zvezda mts,Barcelona,Barcelona,65,73,16,12,20,21,13,24,16,16
Bayern,Khimki M.,Khimki M.,74,87,19,17,18,27,18,26,19,17
Maccabi Tel Aviv,Valencia,Maccabi Tel Aviv,76,63,18,11,15,17,23,16,20,19
Anadolu Efes,Real Madrid,Anadolu Efes,76,60,15,11,14,20,27,19,20,10
Zenit Petersburg,Panathinaikos,Panathinaikos,79,89,20,22,18,18,22,25,19,24
Barcelona,Alba Berlin,Barcelona,103,84,19,25,27,19,26,17,31,23
Valencia,Anadolu Efes,Anadolu Efes,78,83,27,23,19,16,17,30,15,14
Olympiacos,Zenit Petersburg,Zenit Petersburg,68,77,19,20,17,18,11,15,17,11
Bayern,Lyon-Villeurbanne,Bayern,104,63,30,13,27,22,26,16,21,12
Panathinaikos,Olimpia Milano,Olimpia Milano,78,79,20,24,18,14,19,23,21,18
Maccabi Tel Aviv,Crvena zvezda mts,Maccabi Tel Aviv,84,69,24,13,15,17,16,17,12,20
Fenerbahce,Baskonia,Fenerbahce,87,80,22,22,17,14,24,22,24,22
CSKA Moscow,Khimki M.,CSKA Moscow,99,86,29,20,25,24,22,16,23,26
Zalgiris Kaunas,Real Madrid,Zalgiris Kaunas,86,73,18,15,20,19,19,26,29,13
Olimpia Milano,Zalgiris Kaunas,Olimpia Milano,85,81,23,7,20,29,21,23,21,22
Olympiacos,Valencia,Olympiacos,89,63,31,22,23,8,18,14,17,19
Anadolu Efes,Alba Berlin,Anadolu Efes,106,105,27,25,16,15,26,32,26,23
Khimki M.,Baskonia,Khimki M.,79,76,27,17,16,22,19,16,17,21
Zenit Petersburg,Barcelona,Barcelona,63,87,20,19,20,24,16,16,7,28
Real Madrid,Maccabi Tel Aviv,Real Madrid,86,85,22,22,28,22,15,21,21,20
Lyon-Villeurbanne,Panathinaikos,Lyon-Villeurbanne,79,78,22,22,18,24,10,17,29,15
Crvena zvezda mts,Fenerbahce,Crvena zvezda mts,68,56,15,16,20,14,16,13,17,13
CSKA Moscow,Bayern,CSKA Moscow,79,68,22,18,25,22,13,10,19,18
Valencia,CSKA Moscow,CSKA Moscow,71,96,17,24,21,26,16,26,17,20
Lyon-Villeurbanne,Olympiacos,Lyon-Villeurbanne,82,63,21,24,19,9,16,14,26,16
Alba Berlin,Zenit Petersburg,Alba Berlin,85,65,24,18,23,13,20,19,18,15
Anadolu Efes,Barcelona,Barcelona,64,74,14,19,12,18,20,12,18,25
Zalgiris Kaunas,Baskonia,Baskonia,58,70,19,19,11,18,16,18,12,15
Real Madrid,Fenerbahce,Real Madrid,81,77,30,21,13,21,21,13,17,22
Bayern,Olimpia Milano,Bayern,78,64,22,23,20,11,19,16,17,14
Panathinaikos,Crvena zvezda mts,Panathinaikos,87,82,14,17,23,18,29,18,21,29
Khimki M.,Maccabi Tel Aviv,Khimki M.,89,83,24,21,24,19,27,21,14,22
Anadolu Efes SK,CSKA Moscow,CSKA Moscow,83,91,20,29,22,15,20,24,21,23
Fenerbahce Ulker,Real Madrid,Real Madrid,75,94,16,24,24,14,23,31,12,25
CSKA Moscow,Real Madrid,CSKA Moscow,95,90,18,22,25,23,22,28,30,17
Fenerbahce Ulker,Anadolu Efes SK,Anadolu Efes SK,73,92,20,19,20,26,17,23,16,24
Anadolu Efes SK,Barcelona,Anadolu Efes SK,80,71,23,28,24,14,14,15,19,14
Barcelona,Anadolu Efes SK,Barcelona,82,72,15,22,21,16,27,12,19,22
Baskonia,CSKA Moscow,CSKA Moscow,83,92,22,20,26,19,23,29,12,24
Zalgiris Kaunas,Fenerbahce Ulker,Fenerbahce Ulker,82,99,16,30,25,19,20,23,21,27
Barcelona,Anadolu Efes SK,Anadolu Efes SK,68,102,20,26,19,26,18,32,11,18
Baskonia,CSKA Moscow,CSKA Moscow,77,84,18,28,21,18,20,16,18,22
Panathinaikos,Real Madrid,Real Madrid,82,89,18,23,23,13,17,22,24,31
Zalgiris Kaunas,Fenerbahce Ulker,Fenerbahce Ulker,57,66,19,15,15,16,12,18,11,17
Real Madrid,Panathinaikos,Real Madrid,78,63,21,8,14,18,26,15,17,22
Anadolu Efes SK,Barcelona,Barcelona,72,74,16,19,18,19,25,24,13,12
Fenerbahce Ulker,Zalgiris Kaunas,Zalgiris Kaunas,80,82,21,20,18,26,19,27,22,9
CSKA Moscow,Baskonia,Baskonia,68,78,18,27,19,15,15,24,16,12
Real Madrid,Panathinaikos,Real Madrid,75,72,21,17,22,18,15,17,17,20
Anadolu Efes SK,Barcelona,Anadolu Efes SK,75,68,26,15,14,21,18,13,17,19
Fenerbahce Ulker,Zalgiris Kaunas,Fenerbahce Ulker,76,43,15,13,23,8,21,14,17,8
CSKA Moscow,Baskonia,CSKA Moscow,94,68,23,24,21,16,29,12,21,16
Barcelona,Khimki,Barcelona,83,74,21,32,23,11,10,15,29,16
Olympiacos,Darussafaka Ct,Olympiacos,99,74,20,28,25,16,30,12,24,18
Bayern,Gran Canaria,Bayern,84,77,26,20,18,15,29,18,11,24
Fenerbahce Ulker,Maccabi Tel Aviv,Fenerbahce Ulker,78,75,20,20,21,21,10,18,27,16
Real Madrid,Zalgiris Kaunas,Zalgiris Kaunas,86,93,27,25,10,21,23,20,26,27
Panathinaikos,Buducnost,Panathinaikos,87,67,23,21,26,15,17,20,21,11
Anadolu Efes SK,Olimpia Milano,Anadolu Efes SK,101,95,24,20,18,33,32,16,27,26
CSKA Moscow,Baskonia,CSKA Moscow,82,78,17,21,23,23,15,22,27,12
Baskonia,Anadolu Efes SK,Anadolu Efes SK,92,102,26,30,27,18,14,26,25,28
Olympiacos,Zalgiris Kaunas,Zalgiris Kaunas,68,72,18,16,20,18,13,14,17,24
Darussafaka Ct,Bayern,Darussafaka Ct,92,87,14,27,30,23,21,17,27,20
Khimki,CSKA Moscow,CSKA Moscow,72,80,15,23,22,26,14,15,21,16
Barcelona,Buducnost,Barcelona,95,83,21,22,23,24,28,23,23,14
Olimpia Milano,Fenerbahce Ulker,Fenerbahce Ulker,90,104,17,22,25,30,26,21,22,31
Maccabi Tel Aviv,Gran Canaria,Maccabi Tel Aviv,90,55,21,9,27,21,16,15,26,10
Panathinaikos,Real Madrid,Real Madrid,73,74,32,14,13,19,14,20,14,21
Olimpia Milano,Panathinaikos,Panathinaikos,83,95,20,23,27,21,17,28,19,23
Baskonia,Real Madrid,Baskonia,86,76,22,18,17,18,25,17,22,23
Zalgiris Kaunas,Darussafaka Ct,Zalgiris Kaunas,94,67,22,18,27,12,19,16,26,21
Khimki,Maccabi Tel Aviv,Maccabi Tel Aviv,71,76,24,15,15,25,16,19,16,17
Gran Canaria,Olympiacos,Gran Canaria,90,67,19,16,21,14,29,16,21,21
Bayern,Barcelona,Bayern,73,71,18,19,14,17,17,20,24,15
Buducnost,Anadolu Efes SK,Anadolu Efes SK,84,91,19,27,21,26,18,18,26,20
CSKA Moscow,Fenerbahce Ulker,CSKA Moscow,70,68,14,18,22,17,16,13,18,20
Real Madrid,Olimpia Milano,Real Madrid,92,89,19,33,31,23,24,19,18,14
Maccabi Tel Aviv,Zalgiris Kaunas,Zalgiris Kaunas,83,85,23,19,22,17,14,21,24,28
Panathinaikos,Baskonia,Panathinaikos,72,70,26,10,22,17,8,21,16,22
Darussafaka Ct,Khimki,Darussafaka Ct,91,85,17,23,31,23,15,19,28,20
Barcelona,Gran Canaria,Barcelona,93,64,22,19,16,16,25,11,30,18
Olympiacos,Bayern,Olympiacos,89,69,20,10,30,21,22,17,17,21
Fenerbahce Ulker,Buducnost,Fenerbahce Ulker,76,67,19,16,17,23,22,19,18,9
Anadolu Efes SK,CSKA Moscow,CSKA Moscow,78,80,20,15,15,25,23,21,20,19
Baskonia,Buducnost,Baskonia,82,62,23,15,16,19,25,15,18,13
Fenerbahce Ulker,Barcelona,Fenerbahce Ulker,88,82,16,23,21,15,15,23,36,21
CSKA Moscow,Panathinaikos,Panathinaikos,77,78,20,18,21,17,18,23,18,20
Gran Canaria,Darussafaka Ct,Gran Canaria,84,64,15,18,22,12,23,17,24,17
Olimpia Milano,Olympiacos,Olimpia Milano,66,57,19,10,4,13,26,16,17,18
Maccabi Tel Aviv,Anadolu Efes SK,Anadolu Efes SK,71,79,18,13,23,26,17,19,13,21
Zalgiris Kaunas,Bayern,Zalgiris Kaunas,85,79,22,20,26,15,21,18,16,26
Khimki,Real Madrid,Real Madrid,75,100,22,24,16,27,12,19,25,30
Baskonia,Khimki,Baskonia,104,86,22,17,18,24,38,16,26,29
Buducnost,Olympiacos,Olympiacos,76,89,21,27,13,24,20,22,22,16
Anadolu Efes SK,Barcelona,Anadolu Efes SK,92,70,24,12,18,19,22,22,28,17
CSKA Moscow,Olimpia Milano,CSKA Moscow,101,95,27,24,24,19,25,23,25,29
Real Madrid,Fenerbahce Ulker,Real Madrid,101,86,27,25,25,20,25,16,24,25
Bayern,Maccabi Tel Aviv,Maccabi Tel Aviv,70,77,17,18,14,15,16,25,23,19
Zalgiris Kaunas,Gran Canaria,Zalgiris Kaunas,98,64,25,10,21,17,31,18,21,19
Darussafaka Ct,Panathinaikos,Panathinaikos,67,91,17,20,20,26,16,20,14,25
Barcelona,Real Madrid,Barcelona,77,70,16,17,26,20,14,14,21,19
Olympiacos,CSKA Moscow,CSKA Moscow,81,97,23,21,27,30,14,21,17,25
Buducnost,Bayern,Bayern,75,89,17,25,27,16,15,25,16,23
Gran Canaria,Panathinaikos,Panathinaikos,80,99,26,28,19,22,21,23,14,26
Baskonia,Zalgiris Kaunas,Baskonia,80,73,17,12,23,13,19,27,21,21
Maccabi Tel Aviv,Darussafaka Ct,Maccabi Tel Aviv,77,58,18,10,20,13,19,18,20,17
Fenerbahce Ulker,Anadolu Efes SK,Fenerbahce Ulker,84,66,20,17,23,12,14,18,27,19
Khimki,Olimpia Milano,Olimpia Milano,88,90,25,20,29,25,19,20,15,25
Real Madrid,Bayern,Real Madrid,91,78,22,17,20,22,29,13,20,26
Panathinaikos,Khimki,Panathinaikos,94,85,33,21,32,29,13,17,16,18
Zalgiris Kaunas,Buducnost,Zalgiris Kaunas,84,76,20,18,19,18,21,26,24,14
Darussafaka Ct,Fenerbahce Ulker,Fenerbahce Ulker,75,97,12,26,23,20,13,27,27,24
Barcelona,Baskonia,Barcelona,77,67,22,9,24,17,16,19,15,22
Olimpia Milano,Maccabi Tel Aviv,Olimpia Milano,87,83,20,22,27,25,17,15,23,21
Anadolu Efes SK,Olympiacos,Anadolu Efes SK,75,65,18,22,18,13,20,14,19,16
CSKA Moscow,Gran Canaria,CSKA Moscow,107,85,29,20,27,22,27,22,24,21
Olimpia Milano,Darussafaka Ct,Olimpia Milano,90,78,19,17,21,19,20,25,30,17
Baskonia,Bayern,Baskonia,76,68,19,16,19,21,21,16,17,15
Fenerbahce Ulker,Panathinaikos,Fenerbahce Ulker,85,66,24,18,24,11,15,17,22,20
CSKA Moscow,Real Madrid,CSKA Moscow,82,78,22,20,12,20,30,21,18,17
Barcelona,Zalgiris Kaunas,Barcelona,78,72,23,20,22,18,15,24,18,10
Maccabi Tel Aviv,Olympiacos,Maccabi Tel Aviv,65,64,14,16,12,13,19,13,20,22
Buducnost,Khimki,Khimki,90,98,20,22,26,23,19,23,25,30
Anadolu Efes SK,Gran Canaria,Anadolu Efes SK,93,74,26,19,17,27,26,14,24,14
Gran Canaria,Olimpia Milano,Olimpia Milano,104,106,28,27,18,12,21,29,22,21
Panathinaikos,Anadolu Efes SK,Panathinaikos,88,75,24,16,18,21,19,19,27,19
Darussafaka Ct,Real Madrid,Real Madrid,82,86,16,23,22,30,21,19,23,14
CSKA Moscow,Buducnost,CSKA Moscow,99,69,28,20,24,27,20,14,27,8
Baskonia,Maccabi Tel Aviv,Baskonia,97,73,26,18,28,23,27,16,16,16
Bayern,Fenerbahce Ulker,Bayern,90,86,20,21,9,13,23,18,14,14
Olympiacos,Barcelona,Barcelona,55,76,6,27,22,11,15,17,12,21
Khimki,Zalgiris Kaunas,Khimki,74,64,19,17,17,20,11,19,27,8
Barcelona,CSKA Moscow,CSKA Moscow,76,84,20,20,21,24,20,19,15,21
Buducnost,Gran Canaria,Buducnost,75,70,27,24,9,14,25,19,14,13
Darussafaka Ct,Baskonia,Darussafaka Ct,80,75,21,29,24,18,18,14,17,14
Khimki,Bayern,Bayern,60,71,28,10,12,25,10,21,10,15
Real Madrid,Anadolu Efes SK,Real Madrid,92,84,21,21,21,21,22,19,28,23
Olimpia Milano,Zalgiris Kaunas,Olimpia Milano,80,70,21,13,13,17,18,20,28,20
Maccabi Tel Aviv,Panathinaikos,Maccabi Tel Aviv,84,75,16,17,24,18,22,19,22,21
Fenerbahce Ulker,Olympiacos,Fenerbahce Ulker,90,75,21,15,19,13,28,26,22,21
Baskonia,Olimpia Milano,Baskonia,80,75,16,21,26,28,20,10,18,16
Buducnost,Real Madrid,Buducnost,73,60,19,15,17,13,20,20,17,12
Zalgiris Kaunas,Panathinaikos,Zalgiris Kaunas,82,69,13,19,20,18,19,14,30,18
Anadolu Efes SK,Darussafaka Ct,Anadolu Efes SK,82,68,21,14,24,11,21,20,16,23
Gran Canaria,Fenerbahce Ulker,Fenerbahce Ulker,64,82,19,24,13,20,19,12,13,26
Maccabi Tel Aviv,Barcelona,Maccabi Tel Aviv,99,83,23,20,34,15,28,17,14,31
Olympiacos,Khimki,Olympiacos,71,57,20,11,12,11,23,14,16,21
CSKA Moscow,Bayern,CSKA Moscow,77,70,13,20,22,17,17,20,25,13
Barcelona,Panathinaikos,Barcelona,79,68,17,13,20,23,19,16,23,16
Baskonia,Gran Canaria,Baskonia,83,66,16,23,23,19,16,9,28,15
Bayern,Olimpia Milano,Bayern,93,87,23,22,30,23,24,23,16,19
Buducnost,Darussafaka Ct,Buducnost,75,74,16,14,20,28,22,11,17,21
CSKA Moscow,Maccabi Tel Aviv,Maccabi Tel Aviv,76,93,24,22,17,24,21,18,14,29
Real Madrid,Olympiacos,Real Madrid,94,78,28,23,26,23,18,17,22,15
Fenerbahce Ulker,Zalgiris Kaunas,Fenerbahce Ulker,78,61,19,11,24,18,14,15,21,17
Anadolu Efes SK,Khimki,Anadolu Efes SK,81,72,23,16,13,18,26,17,19,21
Olimpia Milano,Barcelona,Barcelona,85,90,16,17,21,19,20,29,28,25
Maccabi Tel Aviv,Buducnost,Maccabi Tel Aviv,81,76,12,18,22,19,25,23,22,16
Panathinaikos,Bayern,Panathinaikos,77,67,22,11,21,21,16,18,18,17
Darussafaka Ct,CSKA Moscow,CSKA Moscow,65,80,16,25,18,19,15,16,16,20
Gran Canaria,Real Madrid,Real Madrid,67,75,15,16,19,11,22,25,11,23
Olympiacos,Baskonia,Olympiacos,91,87,20,22,23,25,12,15,25,18
Zalgiris Kaunas,Anadolu Efes SK,Anadolu Efes SK,58,79,14,16,15,24,16,23,13,16
Khimki,Fenerbahce Ulker,Khimki,84,78,13,23,25,18,19,13,15,18
Barcelona,Darussafaka Ct,Barcelona,97,65,29,16,25,11,19,18,24,20
Olympiacos,Panathinaikos,Olympiacos,79,65,16,14,25,11,18,15,20,25
Zalgiris Kaunas,CSKA Moscow,CSKA Moscow,79,84,17,28,17,16,25,11,20,29
Fenerbahce Ulker,Baskonia,Fenerbahce Ulker,96,87,27,25,21,16,27,24,21,22
Gran Canaria,Khimki,Khimki,70,99,30,23,6,27,14,23,20,26
Olimpia Milano,Buducnost,Olimpia Milano,111,94,36,22,20,23,26,21,29,28
Real Madrid,Maccabi Tel Aviv,Real Madrid,91,79,21,19,23,25,25,18,22,17
Anadolu Efes SK,Bayern,Anadolu Efes SK,92,77,27,18,28,18,15,18,22,23
Gran Canaria,Zalgiris Kaunas,Gran Canaria,73,66,20,17,16,9,21,24,16,16
Bayern,Buducnost,Bayern,93,88,14,21,24,28,27,21,28,18
Panathinaikos,CSKA Moscow,Panathinaikos,96,84,19,26,36,18,17,18,24,22
Fenerbahce Ulker,Real Madrid,Fenerbahce Ulker,65,63,22,12,10,20,16,12,17,19
Barcelona,Anadolu Efes SK,Barcelona,80,65,23,29,16,21,20,7,21,8
Maccabi Tel Aviv,Olimpia Milano,Maccabi Tel Aviv,94,92,21,24,25,24,29,27,19,17
Darussafaka Ct,Olympiacos,Darussafaka Ct,79,75,24,12,18,19,18,22,19,22
Khimki,Baskonia,Baskonia,77,85,19,27,17,16,22,14,19,28
Bayern,Real Madrid,Real Madrid,72,82,16,27,15,19,28,19,13,17
Panathinaikos,Olimpia Milano,Olimpia Milano,83,86,23,21,17,26,16,17,27,22
Zalgiris Kaunas,Maccabi Tel Aviv,Zalgiris Kaunas,80,73,16,16,23,17,20,20,21,20
Khimki,Darussafaka Ct,Khimki,85,84,30,18,15,25,24,14,16,27
Baskonia,Barcelona,Barcelona,70,77,16,19,23,23,16,7,15,28
Buducnost,Fenerbahce Ulker,Fenerbahce Ulker,65,89,20,26,20,14,15,27,10,22
Olympiacos,Gran Canaria,Olympiacos,98,77,20,14,32,19,21,21,25,23
CSKA Moscow,Anadolu Efes SK,CSKA Moscow,102,84,31,24,25,30,21,14,25,16
Real Madrid,Panathinaikos,Real Madrid,89,68,23,10,20,21,20,24,26,13
Olimpia Milano,Bayern,Bayern,78,80,16,15,24,26,17,17,21,22
Maccabi Tel Aviv,Khimki,Maccabi Tel Aviv,79,63,16,18,19,13,26,11,18,21
Darussafaka Ct,Zalgiris Kaunas,Zalgiris Kaunas,71,75,19,15,20,18,14,16,18,26
Gran Canaria,Baskonia,Baskonia,71,84,27,22,8,19,18,27,18,16
Barcelona,Olympiacos,Olympiacos,60,69,14,17,16,15,18,23,12,14
Fenerbahce Ulker,CSKA Moscow,Fenerbahce Ulker,79,75,18,26,18,22,24,14,19,13
Anadolu Efes SK,Buducnost,Anadolu Efes SK,106,68,29,20,20,21,32,12,25,15
Gran Canaria,Buducnost,Gran Canaria,95,85,26,20,30,14,26,23,13,28
Bayern,Zalgiris Kaunas,Bayern,88,84,18,12,28,26,17,23,25,23
Panathinaikos,Darussafaka Ct,Panathinaikos,75,67,22,16,21,16,14,21,18,14
Real Madrid,Barcelona,Real Madrid,92,65,22,17,31,13,16,20,23,15
Maccabi Tel Aviv,Baskonia,Baskonia,79,81,17,22,24,14,20,18,18,27
Fenerbahce Ulker,Olimpia Milano,Fenerbahce Ulker,92,85,15,21,25,19,27,18,25,27
CSKA Moscow,Khimki,CSKA Moscow,88,74,24,17,25,23,26,13,13,21
Olympiacos,Anadolu Efes SK,Olympiacos,88,81,25,12,23,34,17,22,23,13
Baskonia,CSKA Moscow,Baskonia,76,73,21,21,19,17,15,17,21,18
Panathinaikos,Fenerbahce Ulker,Fenerbahce Ulker,69,81,12,18,21,17,19,21,17,25
Anadolu Efes SK,Real Madrid,Real Madrid,82,84,23,23,29,22,22,15,8,24
Olimpia Milano,Gran Canaria,Gran Canaria,86,94,22,20,18,28,23,23,23,23
Bayern,Khimki,Bayern,72,65,16,16,15,12,23,22,18,15
Buducnost,Barcelona,Buducnost,67,64,14,15,17,18,15,13,21,18
Darussafaka Ct,Maccabi Tel Aviv,Maccabi Tel Aviv,71,73,17,17,25,19,20,15,9,22
Zalgiris Kaunas,Olympiacos,Zalgiris Kaunas,83,75,19,29,21,19,20,11,23,16
Barcelona,Fenerbahce Ulker,Fenerbahce Ulker,65,84,17,23,19,22,11,19,18,20
Olympiacos,Buducnost,Olympiacos,92,70,25,20,19,17,32,14,16,19
Anadolu Efes SK,Baskonia,Anadolu Efes SK,96,85,25,17,19,25,31,25,21,18
Khimki,Panathinaikos,Khimki,76,68,29,25,19,19,11,7,17,17
Real Madrid,CSKA Moscow,CSKA Moscow,88,93,20,24,21,14,20,29,27,26
Maccabi Tel Aviv,Bayern,Maccabi Tel Aviv,95,71,27,17,20,12,20,26,28,16
Zalgiris Kaunas,Olimpia Milano,Zalgiris Kaunas,83,78,18,23,22,8,20,27,23,20
Darussafaka Ct,Gran Canaria,Gran Canaria,71,75,25,22,19,12,12,23,15,18
Barcelona,Olimpia Milano,Barcelona,90,80,24,25,29,17,21,12,16,26
Baskonia,Panathinaikos,Baskonia,86,77,20,12,24,20,29,23,13,22
Buducnost,CSKA Moscow,Buducnost,93,92,17,21,18,28,30,18,28,25
Zalgiris Kaunas,Khimki,Khimki,83,84,26,19,13,18,18,21,26,26
Gran Canaria,Bayern,Bayern,74,89,17,21,25,25,20,15,12,28
Maccabi Tel Aviv,Fenerbahce Ulker,Fenerbahce Ulker,70,74,16,13,25,23,12,19,17,19
Olympiacos,Real Madrid,Olympiacos,88,83,29,22,23,19,13,24,23,18
Darussafaka Ct,Anadolu Efes SK,Anadolu Efes SK,88,93,23,19,23,23,14,32,28,19
Olimpia Milano,Baskonia,Olimpia Milano,93,90,27,26,20,17,26,25,20,22
Panathinaikos,Barcelona,Panathinaikos,76,70,13,10,21,15,21,25,21,20
CSKA Moscow,Zalgiris Kaunas,CSKA Moscow,99,97,16,18,21,20,22,22,27,26
Khimki,Buducnost,Khimki,85,69,18,17,27,13,20,24,20,15
Real Madrid,Gran Canaria,Real Madrid,89,76,22,28,25,15,15,14,27,19
Bayern,Olympiacos,Olympiacos,62,72,15,15,12,16,16,14,19,27
Fenerbahce Ulker,Darussafaka Ct,Fenerbahce Ulker,100,79,25,10,21,27,22,19,32,23
Anadolu Efes SK,Maccabi Tel Aviv,Anadolu Efes SK,90,77,16,14,22,17,24,22,28,24
Gran Canaria,Maccabi Tel Aviv,Gran Canaria,84,78,23,15,20,23,22,19,19,21
Bayern,CSKA Moscow,CSKA Moscow,79,93,23,30,17,26,25,21,14,16
Zalgiris Kaunas,Barcelona,Barcelona,85,88,18,23,16,16,16,21,26,16
Anadolu Efes SK,Panathinaikos,Anadolu Efes SK,78,62,19,11,25,17,16,18,18,16
Real Madrid,Khimki,Real Madrid,79,74,19,12,22,23,15,20,23,19
Olympiacos,Fenerbahce Ulker,Fenerbahce Ulker,72,73,18,21,21,18,14,11,19,23
Buducnost,Baskonia,Buducnost,99,84,26,18,22,19,27,23,24,24
Darussafaka Ct,Olimpia Milano,Olimpia Milano,92,98,19,26,30,28,20,14,23,30
Baskonia,Fenerbahce Ulker,Fenerbahce Ulker,72,74,20,18,13,15,22,15,17,26
Panathinaikos,Olympiacos,Panathinaikos,93,80,21,23,20,25,26,14,26,18
Buducnost,Zalgiris Kaunas,Zalgiris Kaunas,60,72,15,18,18,15,15,24,12,15
Khimki,Barcelona,Barcelona,80,87,23,19,15,19,21,29,21,20
Gran Canaria,Anadolu Efes SK,Anadolu Efes SK,90,94,25,24,27,26,21,20,17,24
Olimpia Milano,CSKA Moscow,CSKA Moscow,85,90,21,16,20,24,25,23,19,27
Maccabi Tel Aviv,Real Madrid,Real Madrid,66,87,15,18,8,23,21,25,22,21
Bayern,Darussafaka Ct,Bayern,116,70,21,17,33,18,33,15,29,20
Olimpia Milano,Anadolu Efes SK,Olimpia Milano,81,80,24,17,19,18,25,19,13,26
Buducnost,Panathinaikos,Panathinaikos,67,72,15,18,16,13,16,19,20,22
Zalgiris Kaunas,Real Madrid,Real Madrid,79,90,32,18,12,25,24,19,11,28
Khimki,Gran Canaria,Khimki,87,72,25,21,24,12,28,20,10,19
Barcelona,Maccabi Tel Aviv,Barcelona,74,58,18,12,16,21,25,7,15,18
Fenerbahce Ulker,Bayern,Fenerbahce Ulker,88,84,28,26,23,22,14,17,23,19
Baskonia,Darussafaka Ct,Baskonia,82,56,16,16,22,14,26,11,18,15
CSKA Moscow,Olympiacos,CSKA Moscow,69,65,13,15,18,20,21,9,17,21
Gran Canaria,CSKA Moscow,CSKA Moscow,91,106,29,26,26,26,22,28,14,26
Panathinaikos,Zalgiris Kaunas,Zalgiris Kaunas,83,87,13,20,20,24,18,14,25,18
Darussafaka Ct,Barcelona,Barcelona,71,79,18,23,22,24,24,11,7,21
Olympiacos,Maccabi Tel Aviv,Olympiacos,88,80,18,21,27,16,23,20,20,23
Real Madrid,Buducnost,Real Madrid,89,55,21,15,23,16,21,13,24,11
Olimpia Milano,Khimki,Olimpia Milano,81,80,23,20,16,25,27,17,15,18
Bayern,Baskonia,Bayern,77,71,20,11,23,21,18,20,16,19
Anadolu Efes SK,Fenerbahce Ulker,Anadolu Efes SK,89,83,12,26,26,26,28,13,23,18
Real Madrid,Baskonia,Real Madrid,97,79,25,19,27,25,22,23,23,12
Olympiacos,Olimpia Milano,Olimpia Milano,75,99,26,24,15,20,22,29,12,26
Zalgiris Kaunas,Fenerbahce Ulker,Fenerbahce Ulker,75,82,25,18,17,16,15,19,18,29
Khimki,Anadolu Efes SK,Anadolu Efes SK,84,85,21,18,16,27,18,22,29,18
Barcelona,Bayern,Barcelona,83,73,26,17,18,19,21,18,18,19
Buducnost,Maccabi Tel Aviv,Maccabi Tel Aviv,68,78,16,14,25,20,21,24,6,20
Panathinaikos,Gran Canaria,Panathinaikos,102,87,21,14,29,22,24,19,28,32
CSKA Moscow,Darussafaka Ct,CSKA Moscow,79,75,19,17,12,21,26,10,22,27
Baskonia,Olympiacos,Olympiacos,80,85,19,27,20,23,13,17,28,18
Olimpia Milano,Real Madrid,Real Madrid,85,91,28,13,22,28,14,26,21,24
Fenerbahce Ulker,Khimki,Fenerbahce Ulker,93,85,28,21,26,22,12,20,27,22
Anadolu Efes SK,Zalgiris Kaunas,Zalgiris Kaunas,79,93,19,19,13,27,16,22,31,25
Gran Canaria,Barcelona,Gran Canaria,87,86,18,26,26,18,20,25,23,17
Bayern,Panathinaikos,Bayern,80,79,20,20,20,21,16,17,24,21
Maccabi Tel Aviv,CSKA Moscow,CSKA Moscow,86,89,22,24,24,26,22,17,18,22
Darussafaka Ct,Buducnost,Darussafaka Ct,71,63,14,25,25,10,14,14,18,14
Fenerbahce Ulker,Gran Canaria,Fenerbahce Ulker,97,72,22,10,27,25,26,23,22,14
Khimki,Olympiacos,Olympiacos,66,87,22,20,12,24,20,19,12,24
Zalgiris Kaunas,Baskonia,Baskonia,79,87,24,22,15,20,14,21,26,24
Buducnost,Olimpia Milano,Olimpia Milano,71,82,11,22,20,20,20,15,20,25
Real Madrid,Darussafaka Ct,Real Madrid,109,93,25,18,28,20,38,31,18,24
Bayern,Anadolu Efes SK,Anadolu Efes SK,71,90,19,18,18,26,14,28,20,18
Panathinaikos,Maccabi Tel Aviv,Panathinaikos,89,84,26,24,20,21,24,22,19,17
CSKA Moscow,Barcelona,CSKA Moscow,95,75,21,17,30,12,18,29,26,17
Real Madrid,Fenerbahce Ulker,Real Madrid,85,80,21,17,17,23,25,15,22,25
CSKA Moscow,Zalgiris Kaunas,Zalgiris Kaunas,77,79,19,22,16,19,13,28,29,10
CSKA Moscow,Real Madrid,Real Madrid,83,92,30,20,16,27,10,16,27,29
Fenerbahce Ulker,Zalgiris Kaunas,Fenerbahce Ulker,76,67,19,13,20,20,15,17,22,17
Real Madrid,Panathinaikos,Real Madrid,89,82,19,14,32,21,27,25,11,22
Khimki,CSKA Moscow,CSKA Moscow,88,89,25,32,19,25,21,14,23,18
Baskonia,Fenerbahce Ulker,Fenerbahce Ulker,83,92,19,25,13,23,30,24,21,20
Zalgiris Kaunas,Olympiacos,Zalgiris Kaunas,101,91,23,22,28,15,27,19,23,35
Khimki,CSKA Moscow,Khimki,79,73,17,15,27,27,16,15,19,16
Real Madrid,Panathinaikos,Real Madrid,81,74,17,17,23,17,17,19,24,21
Baskonia,Fenerbahce Ulker,Baskonia,88,83,19,20,28,18,20,28,21,17
Zalgiris Kaunas,Olympiacos,Zalgiris Kaunas,80,60,21,19,26,17,20,14,13,10
Olympiacos,Zalgiris Kaunas,Olympiacos,79,68,17,15,24,17,13,22,25,14
Fenerbahce Ulker,Baskonia,Fenerbahce Ulker,95,89,25,23,28,26,18,19,24,21
Panathinaikos,Real Madrid,Real Madrid,82,89,21,16,19,20,21,32,21,21
CSKA Moscow,Khimki,CSKA Moscow,89,84,24,22,19,23,25,21,21,18
Olympiacos,Zalgiris Kaunas,Zalgiris Kaunas,78,87,23,12,15,20,18,21,16,19
Fenerbahce Ulker,Baskonia,Fenerbahce Ulker,82,73,21,11,22,15,22,26,17,21
Panathinaikos,Real Madrid,Panathinaikos,95,67,26,13,20,17,31,14,18,23
CSKA Moscow,Khimki,CSKA Moscow,98,95,25,34,21,20,26,21,26,20
Real Madrid,Bamberg,Real Madrid,106,86,27,28,26,22,29,19,24,17
Valencia,Maccabi Tel Aviv,Valencia,87,84,24,18,28,21,9,18,26,27
Olympiacos,Zalgiris Kaunas,Zalgiris Kaunas,85,86,25,10,18,21,16,25,21,24
Barcelona,Khimki,Barcelona,86,82,31,18,23,27,18,21,14,16
Baskonia,Anadolu Efes SK,Anadolu Efes SK,79,81,18,13,14,20,19,27,28,21
Olimpia Milano,Panathinaikos,Panathinaikos,95,96,27,18,28,24,14,19,18,26
Fenerbahce Ulker,Unicaja,Unicaja,91,99,14,22,22,25,15,12,32,24
CSKA Moscow,Crvena Zvezda,CSKA Moscow,92,81,23,24,14,20,27,19,28,18
Panathinaikos,Valencia,Panathinaikos,75,56,23,13,17,18,17,16,18,9
Crvena Zvezda,Real Madrid,Real Madrid,79,82,20,27,19,16,18,21,22,18
Zalgiris Kaunas,CSKA Moscow,Zalgiris Kaunas,85,73,23,18,25,24,16,18,21,13
Unicaja,Olympiacos,Unicaja,87,85,19,22,28,11,7,23,20,18
Baskonia,Maccabi Tel Aviv,Baskonia,83,72,22,18,16,16,18,19,27,19
Bamberg,Olimpia Milano,Olimpia Milano,78,83,23,28,20,15,21,17,14,23
Anadolu Efes SK,Barcelona,Barcelona,83,107,19,23,15,32,33,26,16,26
Khimki,Fenerbahce Ulker,Fenerbahce Ulker,64,73,18,20,20,17,15,22,11,14
Barcelona,Baskonia,Baskonia,73,86,16,16,24,27,18,20,15,23
Olympiacos,Anadolu Efes SK,Olympiacos,89,82,30,15,19,27,21,15,19,25
Bamberg,Unicaja,Bamberg,93,88,28,19,27,23,22,26,16,20
Khimki,CSKA Moscow,CSKA Moscow,73,90,17,29,20,24,21,15,15,22
Olimpia Milano,Valencia,Valencia,89,93,23,17,20,23,22,28,24,25
Real Madrid,Zalgiris Kaunas,Real Madrid,88,81,19,16,22,28,24,18,23,19
Maccabi Tel Aviv,Panathinaikos,Panathinaikos,75,76,20,18,21,17,17,21,17,20
Crvena Zvezda,Fenerbahce Ulker,Fenerbahce Ulker,63,80,17,22,14,18,10,25,22,15
Unicaja,Barcelona,Unicaja,95,91,19,25,30,21,27,22,19,23
Baskonia,Bamberg,Baskonia,103,79,27,14,23,25,30,13,23,27
Anadolu Efes SK,Khimki,Khimki,73,85,29,18,20,24,12,19,12,24
CSKA Moscow,Olympiacos,CSKA Moscow,89,81,23,26,21,14,25,22,20,19
Valencia,Real Madrid,Valencia,96,88,22,21,24,19,24,20,26,28
Panathinaikos,Crvena Zvezda,Panathinaikos,91,71,24,15,23,23,30,18,14,15
Zalgiris Kaunas,Olimpia Milano,Zalgiris Kaunas,77,65,17,16,14,18,23,16,23,15
Fenerbahce Ulker,Maccabi Tel Aviv,Fenerbahce Ulker,87,73,16,21,29,15,29,20,13,17
Unicaja,Panathinaikos,Panathinaikos,79,90,24,18,20,14,16,26,19,32
Fenerbahce Ulker,CSKA Moscow,CSKA Moscow,79,81,23,25,17,19,18,10,21,27
Baskonia,Zalgiris Kaunas,Baskonia,84,64,27,19,16,14,24,12,17,19
Maccabi Tel Aviv,Khimki,Khimki,91,94,19,21,20,23,27,21,25,29
Bamberg,Anadolu Efes SK,Bamberg,88,79,22,22,22,19,25,14,19,24
Olympiacos,Barcelona,Barcelona,63,90,17,22,21,18,14,23,11,27
Crvena Zvezda,Valencia,Crvena Zvezda,106,90,23,23,27,25,29,19,27,23
Olimpia Milano,Real Madrid,Real Madrid,77,88,17,25,19,24,18,19,23,20
Barcelona,Crvena Zvezda,Barcelona,88,54,17,12,28,12,17,25,26,5
Olympiacos,Bamberg,Olympiacos,87,79,27,19,15,23,27,19,18,18
Zalgiris Kaunas,Fenerbahce Ulker,Fenerbahce Ulker,78,85,24,17,16,14,18,21,20,33
CSKA Moscow,Unicaja,CSKA Moscow,101,76,30,20,27,23,22,18,22,15
Real Madrid,Panathinaikos,Real Madrid,92,75,19,20,19,17,26,18,28,20
Valencia,Baskonia,Baskonia,71,81,20,16,16,15,19,22,16,28
Anadolu Efes SK,Maccabi Tel Aviv,Maccabi Tel Aviv,81,94,21,20,21,23,20,24,19,27
Khimki,Olimpia Milano,Olimpia Milano,77,86,20,30,19,19,23,12,15,25
Real Madrid,Fenerbahce Ulker,Fenerbahce Ulker,83,86,20,20,25,20,20,28,18,18
Panathinaikos,Olympiacos,Olympiacos,85,87,18,16,16,27,16,19,21,9
Crvena Zvezda,Unicaja,Crvena Zvezda,80,76,24,24,16,13,22,15,18,24
Baskonia,Khimki,Baskonia,87,77,18,26,26,13,25,13,18,25
Olimpia Milano,Anadolu Efes SK,Olimpia Milano,77,64,17,17,27,12,14,16,19,19
Valencia,Bamberg,Valencia,86,70,28,11,9,23,23,20,26,16
Maccabi Tel Aviv,CSKA Moscow,CSKA Moscow,73,93,18,22,18,30,20,15,17,26
Zalgiris Kaunas,Barcelona,Zalgiris Kaunas,90,74,19,15,25,19,26,16,20,24
Barcelona,Real Madrid,Real Madrid,74,101,13,30,22,22,22,31,17,18
Bamberg,Crvena Zvezda,Bamberg,86,62,21,23,25,13,23,9,17,17
Anadolu Efes SK,Zalgiris Kaunas,Zalgiris Kaunas,70,86,23,21,13,24,20,23,14,18
Khimki,Panathinaikos,Khimki,78,61,24,18,22,13,17,15,15,15
Unicaja,Maccabi Tel Aviv,Unicaja,83,69,23,19,19,22,18,14,23,14
Olympiacos,Valencia,Olympiacos,80,70,22,11,18,28,22,16,18,15
Fenerbahce Ulker,Olimpia Milano,Fenerbahce Ulker,89,70,23,20,25,13,17,15,24,22
CSKA Moscow,Baskonia,CSKA Moscow,93,86,20,25,26,24,25,22,22,15
Real Madrid,Olympiacos,Olympiacos,79,80,20,21,19,24,23,20,17,15
Crvena Zvezda,Olimpia Milano,Crvena Zvezda,100,89,23,20,27,25,21,20,29,24
Zalgiris Kaunas,Khimki,Khimki,74,84,26,15,18,28,15,18,15,23
Fenerbahce Ulker,Bamberg,Fenerbahce Ulker,77,69,16,13,26,19,19,16,16,21
Unicaja,Anadolu Efes SK,Unicaja,79,68,23,12,17,16,21,27,18,13
Valencia,CSKA Moscow,Valencia,103,99,21,23,28,19,24,24,30,33
Panathinaikos,Baskonia,Panathinaikos,80,76,21,22,25,18,21,13,13,23
Maccabi Tel Aviv,Barcelona,Maccabi Tel Aviv,94,82,22,23,24,15,19,23,29,21
Baskonia,Crvena Zvezda,Baskonia,103,84,27,17,26,23,22,19,28,25
Bamberg,Panathinaikos,Bamberg,95,74,23,17,19,15,15,23,38,19
Khimki,Unicaja,Khimki,68,66,9,11,22,28,18,16,19,11
Olympiacos,Fenerbahce Ulker,Olympiacos,95,70,34,18,11,18,26,18,24,16
Barcelona,Olimpia Milano,Olimpia Milano,81,83,25,15,23,27,14,22,19,19
Zalgiris Kaunas,Maccabi Tel Aviv,Zalgiris Kaunas,99,84,26,20,27,26,23,16,23,22
Anadolu Efes SK,Valencia,Anadolu Efes SK,82,66,23,19,20,12,20,22,19,13
CSKA Moscow,Real Madrid,CSKA Moscow,93,87,33,11,21,20,24,29,15,27
Olimpia Milano,Maccabi Tel Aviv,Maccabi Tel Aviv,102,111,26,30,24,27,20,26,32,28
Valencia,Khimki,Valencia,85,83,23,24,23,20,17,20,22,19
Crvena Zvezda,Olympiacos,Crvena Zvezda,89,78,24,20,19,14,14,29,32,15
Fenerbahce Ulker,Barcelona,Fenerbahce Ulker,86,82,22,18,20,26,23,13,21,25
CSKA Moscow,Bamberg,CSKA Moscow,81,72,18,19,21,11,16,16,26,26
Real Madrid,Anadolu Efes SK,Real Madrid,87,68,20,14,19,16,21,17,27,21
Unicaja,Baskonia,Baskonia,83,85,21,19,22,27,21,21,19,18
Panathinaikos,Zalgiris Kaunas,Panathinaikos,94,93,29,17,18,20,12,21,24,25
Unicaja,Real Madrid,Unicaja,80,75,20,15,18,12,19,25,23,23
Baskonia,Olimpia Milano,Olimpia Milano,82,83,19,22,17,25,20,18,26,18
Panathinaikos,CSKA Moscow,CSKA Moscow,70,75,20,15,9,16,22,20,19,24
Anadolu Efes SK,Fenerbahce Ulker,Fenerbahce Ulker,84,89,24,24,11,22,22,22,27,21
Barcelona,Bamberg,Barcelona,81,66,18,15,26,19,15,18,22,14
Maccabi Tel Aviv,Crvena Zvezda,Maccabi Tel Aviv,89,75,23,16,24,13,17,23,25,23
Zalgiris Kaunas,Valencia,Zalgiris Kaunas,86,82,26,19,21,12,16,26,23,25
Khimki,Olympiacos,Khimki,82,54,28,14,21,11,16,13,17,16
Olimpia Milano,Unicaja,Olimpia Milano,101,87,31,22,19,22,29,27,22,16
Real Madrid,Baskonia,Real Madrid,75,73,18,17,16,17,25,27,16,12
Fenerbahce Ulker,Panathinaikos,Fenerbahce Ulker,67,62,18,20,17,10,12,20,20,12
CSKA Moscow,Anadolu Efes SK,CSKA Moscow,110,79,35,21,23,25,23,15,29,18
Valencia,Barcelona,Valencia,81,76,22,14,21,22,19,23,19,17
Bamberg,Zalgiris Kaunas,Bamberg,93,86,21,23,16,21,27,17,29,25
Olympiacos,Maccabi Tel Aviv,Olympiacos,94,64,24,16,29,24,17,11,24,13
Crvena Zvezda,Khimki,Khimki,70,79,21,14,16,17,17,21,16,27
Baskonia,Olympiacos,Baskonia,86,54,16,21,20,9,36,14,14,10
Zalgiris Kaunas,Unicaja,Zalgiris Kaunas,79,77,17,19,15,21,20,15,27,22
Anadolu Efes SK,Crvena Zvezda,Anadolu Efes SK,104,95,22,21,28,25,27,25,27,24
Khimki,Real Madrid,Real Madrid,78,95,17,26,14,25,18,16,29,28
Olimpia Milano,CSKA Moscow,CSKA Moscow,81,107,15,23,21,27,25,27,20,30
Valencia,Fenerbahce Ulker,Fenerbahce Ulker,67,80,7,18,20,15,23,18,17,29
Maccabi Tel Aviv,Bamberg,Maccabi Tel Aviv,90,88,20,25,19,16,26,23,25,24
Panathinaikos,Barcelona,Panathinaikos,84,75,17,19,19,15,18,14,30,27
Real Madrid,Maccabi Tel Aviv,Real Madrid,93,81,25,26,23,24,21,10,24,21
Bamberg,Khimki,Khimki,70,74,26,26,16,14,16,16,12,18
Olympiacos,Olimpia Milano,Olympiacos,87,80,26,17,22,17,22,19,17,27
Crvena Zvezda,Zalgiris Kaunas,Crvena Zvezda,77,65,16,18,17,13,15,14,29,20
Fenerbahce Ulker,Baskonia,Fenerbahce Ulker,79,74,18,22,18,16,27,21,16,15
Barcelona,CSKA Moscow,Barcelona,85,72,25,17,22,25,19,13,19,17
Unicaja,Valencia,Valencia,83,85,19,19,29,20,21,26,14,20
Panathinaikos,Anadolu Efes SK,Panathinaikos,90,79,23,12,24,21,23,23,20,23
Olimpia Milano,Crvena Zvezda,Crvena Zvezda,88,91,15,29,25,16,20,16,28,30
Baskonia,CSKA Moscow,CSKA Moscow,81,90,26,18,22,33,24,19,9,20
Anadolu Efes SK,Bamberg,Anadolu Efes SK,69,58,15,18,14,20,15,10,25,10
Khimki,Barcelona,Barcelona,65,79,15,25,17,11,25,21,8,22
Valencia,Panathinaikos,Valencia,67,63,12,17,20,15,16,16,19,15
Maccabi Tel Aviv,Unicaja,Unicaja,78,89,22,19,25,20,11,22,20,28
Zalgiris Kaunas,Olympiacos,Zalgiris Kaunas,74,68,22,19,14,19,12,15,26,15
Fenerbahce Ulker,Real Madrid,Real Madrid,77,79,17,10,19,27,25,25,16,17
Unicaja,Olimpia Milano,Unicaja,74,71,26,20,9,22,20,11,19,18
Baskonia,Barcelona,Baskonia,85,82,22,17,30,18,22,22,11,25
Anadolu Efes SK,Olympiacos,Olympiacos,58,61,9,17,16,16,14,12,19,16
CSKA Moscow,Khimki,CSKA Moscow,79,68,23,16,20,17,14,22,22,13
Valencia,Zalgiris Kaunas,Zalgiris Kaunas,63,71,16,19,20,15,10,20,17,17
Maccabi Tel Aviv,Fenerbahce Ulker,Maccabi Tel Aviv,82,73,24,15,16,21,20,18,22,19
Bamberg,Real Madrid,Real Madrid,66,81,13,29,22,21,16,18,15,13
Crvena Zvezda,Panathinaikos,Panathinaikos,63,69,15,20,23,21,11,17,14,11
Barcelona,Unicaja,Unicaja,83,90,24,26,21,18,19,22,19,24
Olimpia Milano,Baskonia,Olimpia Milano,92,85,27,25,22,12,27,21,16,27
Olympiacos,CSKA Moscow,Olympiacos,88,86,23,20,22,28,19,20,24,18
Khimki,Anadolu Efes SK,Khimki,86,68,26,19,11,14,20,23,29,12
Real Madrid,Valencia,Real Madrid,91,72,24,18,19,23,21,17,27,14
Panathinaikos,Maccabi Tel Aviv,Panathinaikos,89,76,25,21,24,22,18,13,22,20
Zalgiris Kaunas,Bamberg,Zalgiris Kaunas,88,84,21,22,29,27,22,23,16,12
Fenerbahce Ulker,Crvena Zvezda,Fenerbahce Ulker,82,56,17,11,24,22,21,9,20,14
Valencia,Crvena Zvezda,Crvena Zvezda,82,86,22,26,16,14,25,16,19,30
Panathinaikos,Olimpia Milano,Panathinaikos,80,72,14,23,25,18,25,16,16,15
Anadolu Efes SK,Baskonia,Baskonia,81,82,19,24,23,21,26,20,13,17
CSKA Moscow,Maccabi Tel Aviv,CSKA Moscow,101,86,21,20,28,14,23,23,29,29
Real Madrid,Barcelona,Real Madrid,87,75,15,15,25,23,28,14,19,23
Bamberg,Olympiacos,Bamberg,67,65,15,14,17,26,18,18,17,7
Unicaja,Khimki,Unicaja,93,84,27,26,20,22,20,18,26,18
Fenerbahce Ulker,Zalgiris Kaunas,Zalgiris Kaunas,89,90,24,16,18,25,22,22,25,27
Barcelona,Fenerbahce Ulker,Fenerbahce Ulker,68,83,28,22,10,17,13,25,17,19
Olympiacos,Real Madrid,Olympiacos,92,83,18,8,16,22,22,17,16,25
Crvena Zvezda,Anadolu Efes SK,Crvena Zvezda,100,81,29,23,21,21,24,18,26,19
Olimpia Milano,Khimki,Khimki,71,77,24,12,14,19,18,24,15,22
Baskonia,Unicaja,Baskonia,88,82,27,12,14,24,18,20,29,26
Maccabi Tel Aviv,Valencia,Maccabi Tel Aviv,94,91,25,21,21,25,23,19,25,26
Bamberg,CSKA Moscow,CSKA Moscow,76,92,20,22,19,20,20,28,17,22
Zalgiris Kaunas,Panathinaikos,Zalgiris Kaunas,80,74,10,20,21,13,33,14,16,27
Real Madrid,Crvena Zvezda,Crvena Zvezda,83,87,24,19,15,27,19,21,25,20
Panathinaikos,Unicaja,Panathinaikos,82,71,16,15,16,20,22,19,28,17
CSKA Moscow,Barcelona,CSKA Moscow,92,78,24,24,20,15,22,19,26,20
Baskonia,Fenerbahce Ulker,Fenerbahce Ulker,69,83,25,15,12,26,14,25,18,17
Valencia,Olympiacos,Olympiacos,64,72,13,20,17,15,15,19,19,18
Maccabi Tel Aviv,Zalgiris Kaunas,Maccabi Tel Aviv,81,74,15,14,24,15,26,22,16,23
Anadolu Efes SK,Olimpia Milano,Anadolu Efes SK,73,68,23,16,10,14,19,20,21,18
Khimki,Bamberg,Khimki,82,73,23,21,19,19,20,16,20,17
Unicaja,CSKA Moscow,CSKA Moscow,80,89,16,27,23,19,26,17,15,26
Panathinaikos,Real Madrid,Panathinaikos,82,80,23,28,17,26,24,15,18,11
Fenerbahce Ulker,Khimki,Fenerbahce Ulker,71,67,24,15,14,11,20,22,13,19
Barcelona,Maccabi Tel Aviv,Barcelona,89,67,22,11,22,13,22,20,23,23
Crvena Zvezda,Baskonia,Baskonia,81,85,17,22,21,25,19,17,24,21
Olimpia Milano,Olympiacos,Olympiacos,85,86,21,17,21,29,20,20,23,20
Bamberg,Valencia,Bamberg,83,82,20,23,21,24,11,19,31,16
Zalgiris Kaunas,Anadolu Efes SK,Zalgiris Kaunas,91,83,22,26,25,18,19,17,25,22
Barcelona,Valencia,Barcelona,89,71,24,18,26,14,21,24,18,15
Olimpia Milano,Bamberg,Olimpia Milano,71,62,13,16,14,19,16,16,28,11
Olympiacos,Crvena Zvezda,Olympiacos,85,59,22,13,25,24,20,12,18,10
CSKA Moscow,Fenerbahce Ulker,Fenerbahce Ulker,93,95,16,27,25,19,22,15,20,22
Real Madrid,Unicaja,Real Madrid,89,57,19,12,21,15,22,11,27,19
Zalgiris Kaunas,Baskonia,Baskonia,77,97,15,21,17,33,25,16,20,27
Anadolu Efes SK,Panathinaikos,Panathinaikos,81,82,21,28,23,20,16,14,21,20
Khimki,Maccabi Tel Aviv,Maccabi Tel Aviv,69,77,19,28,20,14,16,20,14,15
Valencia,Olimpia Milano,Olimpia Milano,98,103,20,19,25,22,19,17,10,16
Bamberg,Barcelona,Bamberg,84,81,12,38,25,11,25,17,22,15
Crvena Zvezda,CSKA Moscow,CSKA Moscow,59,85,10,22,17,22,7,21,25,20
Fenerbahce Ulker,Olympiacos,Olympiacos,83,90,17,18,23,12,13,27,22,18
Unicaja,Zalgiris Kaunas,Zalgiris Kaunas,83,85,17,21,17,20,14,18,24,13
Baskonia,Real Madrid,Baskonia,105,75,36,17,28,27,24,19,17,12
Panathinaikos,Khimki,Panathinaikos,93,65,26,16,20,11,26,22,21,16
Maccabi Tel Aviv,Anadolu Efes SK,Anadolu Efes SK,72,92,19,19,16,28,26,20,11,25
Unicaja,Crvena Zvezda,Unicaja,79,65,22,12,23,19,18,19,16,15
Bamberg,Fenerbahce Ulker,Fenerbahce Ulker,57,80,16,21,17,22,13,11,11,26
Olympiacos,Panathinaikos,Panathinaikos,62,70,17,16,13,19,17,14,15,21
Khimki,Baskonia,Khimki,91,90,18,21,22,27,21,16,30,26
Barcelona,Anadolu Efes SK,Anadolu Efes SK,85,89,15,26,20,16,22,25,28,22
Olimpia Milano,Zalgiris Kaunas,Zalgiris Kaunas,62,94,20,25,11,25,10,20,21,24
Maccabi Tel Aviv,Real Madrid,Maccabi Tel Aviv,90,83,22,30,25,12,17,24,26,17
CSKA Moscow,Valencia,CSKA Moscow,94,67,20,19,23,19,30,16,21,13
Barcelona,Olympiacos,Barcelona,73,51,14,14,18,12,17,15,24,10
Anadolu Efes SK,Unicaja,Unicaja,74,79,19,25,16,10,24,18,15,26
CSKA Moscow,Zalgiris Kaunas,CSKA Moscow,94,91,22,19,29,17,18,26,25,29
Real Madrid,Khimki,Khimki,80,86,23,25,16,20,20,21,21,20
Maccabi Tel Aviv,Olimpia Milano,Maccabi Tel Aviv,79,68,18,14,21,15,21,13,19,26
Baskonia,Panathinaikos,Baskonia,85,84,27,24,20,21,16,22,22,17
Fenerbahce Ulker,Valencia,Fenerbahce Ulker,79,66,20,18,18,12,19,19,22,17
Crvena Zvezda,Bamberg,Bamberg,69,75,18,30,16,13,19,16,16,16
Valencia,Unicaja,Valencia,91,53,31,11,26,14,16,17,18,11
Panathinaikos,Fenerbahce Ulker,Panathinaikos,70,68,19,21,17,23,17,11,17,13
Bamberg,Baskonia,Bamberg,78,72,17,17,18,15,25,19,18,21
Anadolu Efes SK,CSKA Moscow,CSKA Moscow,80,98,26,27,17,27,17,19,20,25
Olimpia Milano,Barcelona,Olimpia Milano,78,74,17,22,22,17,15,14,24,21
Olympiacos,Khimki,Olympiacos,92,75,22,20,27,20,25,15,18,20
Crvena Zvezda,Maccabi Tel Aviv,Crvena Zvezda,87,84,19,24,20,25,23,12,25,23
Zalgiris Kaunas,Real Madrid,Real Madrid,66,87,16,18,15,22,19,23,16,24
Unicaja,Bamberg,Bamberg,76,80,22,24,13,15,23,15,18,26
Baskonia,Valencia,Valencia,63,80,13,28,26,22,15,17,9,13
Fenerbahce Ulker,Anadolu Efes SK,Fenerbahce Ulker,81,70,15,20,19,14,28,18,19,18
CSKA Moscow,Panathinaikos,CSKA Moscow,81,63,27,15,16,18,17,18,21,12
Barcelona,Zalgiris Kaunas,Zalgiris Kaunas,75,81,21,24,18,21,15,17,21,19
Real Madrid,Olimpia Milano,Real Madrid,100,90,30,28,24,26,27,20,19,16
Maccabi Tel Aviv,Olympiacos,Olympiacos,68,69,18,18,15,17,12,16,23,18
Khimki,Crvena Zvezda,Khimki,85,78,20,28,23,16,21,11,21,23
Valencia,Anadolu Efes SK,Valencia,78,71,19,13,19,25,28,10,12,23
Olympiacos,Unicaja,Olympiacos,80,75,21,11,16,22,22,14,21,28
Crvena Zvezda,Barcelona,Crvena Zvezda,90,82,24,13,20,19,18,25,28,25
Khimki,Zalgiris Kaunas,Khimki,85,77,21,15,25,21,17,17,22,24
Real Madrid,CSKA Moscow,Real Madrid,82,69,20,15,25,18,11,20,26,16
Olimpia Milano,Fenerbahce Ulker,Fenerbahce Ulker,86,92,21,23,17,14,16,27,26,16
Panathinaikos,Bamberg,Panathinaikos,93,83,22,15,21,20,26,21,24,27
Maccabi Tel Aviv,Baskonia,Maccabi Tel Aviv,74,68,19,16,20,14,17,23,18,15
Barcelona,Panathinaikos,Barcelona,98,71,24,20,16,15,25,19,33,17
Khimki,Valencia,Khimki,75,70,18,17,25,19,16,21,16,13
Zalgiris Kaunas,Crvena Zvezda,Zalgiris Kaunas,78,76,15,13,28,27,10,17,25,19
Unicaja,Fenerbahce Ulker,Unicaja,68,67,20,20,16,21,14,16,18,10
Bamberg,Maccabi Tel Aviv,Maccabi Tel Aviv,71,88,20,14,16,23,23,18,12,33
Olympiacos,Baskonia,Olympiacos,75,64,16,12,25,21,19,16,15,15
Anadolu Efes SK,Real Madrid,Real Madrid,74,88,19,28,17,17,20,17,18,26
CSKA Moscow,Olimpia Milano,CSKA Moscow,93,84,16,30,22,18,27,16,28,20
Fenerbahce Ulker,Olympiacos,Fenerbahce Ulker,80,64,26,18,13,16,21,14,20,16
Real Madrid,CSKA Moscow,CSKA Moscow,70,94,10,23,22,22,24,24,14,25
Fenerbahce Ulker,Real Madrid,Fenerbahce Ulker,84,75,21,13,23,21,19,16,21,25
CSKA Moscow,Olympiacos,Olympiacos,78,82,18,12,22,21,24,27,14,22
Olympiacos,Anadolu Efes SK,Olympiacos,87,78,25,21,12,20,26,17,24,20
Anadolu Efes SK,Olympiacos,Olympiacos,62,74,21,14,17,21,16,20,8,19
Darussafaka Ct,Real Madrid,Real Madrid,78,89,21,24,17,21,20,27,20,17
Darussafaka Ct,Real Madrid,Real Madrid,81,88,17,26,16,20,25,24,23,18
Anadolu Efes SK,Olympiacos,Anadolu Efes SK,64,60,14,17,19,10,18,10,13,23
Baskonia,CSKA Moscow,CSKA Moscow,88,90,24,22,20,21,26,29,18,18
Fenerbahce Ulker,Panathinaikos,Fenerbahce Ulker,79,61,18,17,19,13,15,12,27,19
Real Madrid,Darussafaka Ct,Darussafaka Ct,80,84,19,22,19,22,30,22,12,18
Olympiacos,Anadolu Efes SK,Anadolu Efes SK,71,73,22,23,22,14,10,14,17,22
Panathinaikos,Fenerbahce Ulker,Fenerbahce Ulker,75,80,20,22,23,23,16,18,16,17
CSKA Moscow,Baskonia,CSKA Moscow,84,82,21,20,19,15,29,23,15,24
Real Madrid,Darussafaka Ct,Real Madrid,83,75,16,24,20,13,25,16,22,22
Olympiacos,Anadolu Efes SK,Olympiacos,87,72,18,11,24,20,25,19,20,22
Panathinaikos,Fenerbahce Ulker,Fenerbahce Ulker,58,71,15,16,27,12,8,20,8,23
CSKA Moscow,Baskonia,CSKA Moscow,98,90,26,19,18,21,28,22,26,28
Real Madrid,Anadolu Efes SK,Real Madrid,97,80,16,21,21,15,25,24,35,20
Olimpia Milano,Unics Kazan,Unics Kazan,68,91,21,22,18,14,10,29,19,26
CSKA Moscow,Olympiacos,CSKA Moscow,90,86,25,15,22,22,24,26,19,23
Darussafaka Ct,Crvena Zvezda,Darussafaka Ct,78,62,25,14,18,18,12,17,23,13
Baskonia,Zalgiris Kaunas,Zalgiris Kaunas,79,84,16,21,24,20,16,27,23,16
Maccabi Tel Aviv,Panathinaikos,Panathinaikos,61,81,26,20,16,12,12,31,7,18
Bamberg,Galatasaray CC,Galatasaray CC,79,84,23,20,22,23,18,15,16,26
Fenerbahce Ulker,Barcelona,Fenerbahce Ulker,68,65,11,15,19,16,14,15,14,12
Real Madrid,Fenerbahce Ulker,Real Madrid,61,56,20,16,9,16,19,11,13,13
Panathinaikos,CSKA Moscow,Panathinaikos,85,80,20,17,25,23,13,15,15,18
Crvena Zvezda,Unics Kazan,Crvena Zvezda,83,65,10,14,30,17,17,18,26,16
Galatasaray CC,Baskonia,Baskonia,80,103,21,27,23,33,22,20,14,23
Zalgiris Kaunas,Olimpia Milano,Olimpia Milano,84,88,27,18,14,21,22,24,21,25
Barcelona,Maccabi Tel Aviv,Barcelona,76,71,23,13,17,19,18,22,18,17
Bamberg,Darussafaka Ct,Darussafaka Ct,97,99,22,14,18,15,18,26,26,29
Anadolu Efes SK,Olympiacos,Anadolu Efes SK,77,69,22,15,21,21,15,14,19,19
Barcelona,Crvena Zvezda,Barcelona,67,54,17,18,15,11,20,14,15,11
Olympiacos,Real Madrid,Real Madrid,73,79,20,19,17,18,17,21,19,21
Darussafaka Ct,Galatasaray CC,Darussafaka Ct,73,67,16,18,21,21,24,13,12,15
Unics Kazan,CSKA Moscow,CSKA Moscow,74,85,18,25,15,19,24,30,17,11
Baskonia,Panathinaikos,Panathinaikos,63,72,6,24,15,13,16,17,26,18
Olimpia Milano,Bamberg,Bamberg,76,84,14,29,22,21,16,14,24,20
Maccabi Tel Aviv,Zalgiris Kaunas,Zalgiris Kaunas,77,93,14,17,19,27,25,27,19,22
Anadolu Efes SK,Fenerbahce Ulker,Anadolu Efes SK,80,77,21,14,23,21,21,19,15,23
Real Madrid,Barcelona,Real Madrid,85,69,22,13,19,14,23,24,21,18
Crvena Zvezda,Olympiacos,Olympiacos,64,66,9,17,8,13,26,12,15,16
Galatasaray CC,Unics Kazan,Galatasaray CC,75,67,21,23,24,6,12,12,18,26
CSKA Moscow,Darussafaka Ct,CSKA Moscow,95,85,24,19,23,16,21,27,27,23
Panathinaikos,Olimpia Milano,Panathinaikos,74,61,21,15,17,10,19,15,17,21
Bamberg,Baskonia,Baskonia,71,96,11,28,26,25,16,21,18,22
Zalgiris Kaunas,Anadolu Efes SK,Anadolu Efes SK,68,76,22,17,22,24,15,19,9,16
Fenerbahce Ulker,Maccabi Tel Aviv,Maccabi Tel Aviv,79,81,25,15,16,23,18,18,20,25
Baskonia,CSKA Moscow,Baskonia,79,78,18,14,16,19,27,21,18,24
Olympiacos,Galatasaray CC,Galatasaray CC,71,80,27,14,21,21,11,22,12,23
Darussafaka Ct,Barcelona,Darussafaka Ct,67,56,11,13,32,9,10,20,14,14
Unics Kazan,Zalgiris Kaunas,Zalgiris Kaunas,80,82,23,24,20,18,17,22,20,18
Bamberg,Fenerbahce Ulker,Fenerbahce Ulker,78,83,21,27,17,15,18,26,22,15
Olimpia Milano,Crvena Zvezda,Crvena Zvezda,71,78,10,25,21,18,19,17,21,18
Panathinaikos,Real Madrid,Panathinaikos,88,82,21,19,22,22,15,17,30,24
Anadolu Efes SK,Maccabi Tel Aviv,Anadolu Efes SK,92,87,17,17,24,25,26,15,25,30
Real Madrid,Crvena Zvezda,Real Madrid,98,68,38,24,25,20,17,13,18,11
Olympiacos,Darussafaka Ct,Olympiacos,81,73,25,18,23,15,21,25,12,15
Anadolu Efes SK,Bamberg,Bamberg,68,87,23,17,9,25,13,22,23,23
Barcelona,Unics Kazan,Barcelona,70,62,24,20,12,14,19,10,15,18
Maccabi Tel Aviv,Olimpia Milano,Maccabi Tel Aviv,92,82,26,20,25,15,19,26,22,21
Zalgiris Kaunas,Panathinaikos,Zalgiris Kaunas,64,58,9,17,10,14,15,10,30,17
Fenerbahce Ulker,Baskonia,Baskonia,74,79,18,19,17,24,20,18,19,18
CSKA Moscow,Galatasaray CC,CSKA Moscow,85,69,13,17,33,12,19,20,20,20
Barcelona,CSKA Moscow,CSKA Moscow,61,85,4,29,20,19,23,18,14,19
Darussafaka Ct,Panathinaikos,Darussafaka Ct,77,72,17,17,18,16,18,20,24,19
Unics Kazan,Anadolu Efes SK,Anadolu Efes SK,92,99,22,22,21,27,18,20,21,13
Baskonia,Olimpia Milano,Baskonia,87,74,23,20,15,17,28,16,21,21
Maccabi Tel Aviv,Olympiacos,Olympiacos,71,82,13,17,19,23,13,18,26,24
Crvena Zvezda,Bamberg,Crvena Zvezda,74,60,17,9,26,20,13,14,18,17
Galatasaray CC,Real Madrid,Galatasaray CC,87,84,25,20,24,26,24,14,14,24
Zalgiris Kaunas,Fenerbahce Ulker,Fenerbahce Ulker,67,76,17,19,14,11,17,25,19,21
Real Madrid,Darussafaka Ct,Real Madrid,101,83,30,14,23,23,22,23,26,23
Panathinaikos,Unics Kazan,Panathinaikos,83,82,24,25,15,21,13,15,31,21
Bamberg,Zalgiris Kaunas,Zalgiris Kaunas,86,91,22,28,23,21,23,18,18,24
Anadolu Efes SK,Baskonia,Anadolu Efes SK,96,85,23,21,24,17,26,22,23,25
Olimpia Milano,Barcelona,Barcelona,78,83,22,22,23,19,10,24,23,18
Crvena Zvezda,Galatasaray CC,Crvena Zvezda,77,58,20,17,28,12,16,13,13,16
Fenerbahce Ulker,Olympiacos,Fenerbahce Ulker,67,64,22,22,18,12,7,22,20,8
CSKA Moscow,Maccabi Tel Aviv,CSKA Moscow,93,81,26,14,28,34,15,12,24,21
Barcelona,Galatasaray CC,Galatasaray CC,62,69,16,10,12,16,22,19,12,24
Olympiacos,Zalgiris Kaunas,Olympiacos,73,64,19,19,16,16,21,19,17,10
Darussafaka Ct,Fenerbahce Ulker,Darussafaka Ct,72,65,10,20,24,11,13,16,25,18
Panathinaikos,Bamberg,Panathinaikos,81,72,27,19,15,22,20,13,19,18
Maccabi Tel Aviv,Baskonia,Maccabi Tel Aviv,85,84,22,18,24,21,23,16,16,29
CSKA Moscow,Crvena Zvezda,CSKA Moscow,102,80,33,26,25,20,19,18,25,16
Anadolu Efes SK,Olimpia Milano,Anadolu Efes SK,90,86,15,27,25,27,29,20,21,12
Unics Kazan,Real Madrid,Real Madrid,77,81,18,17,18,26,23,14,18,24
Crvena Zvezda,Anadolu Efes SK,Anadolu Efes SK,72,86,20,16,16,31,16,14,20,25
Baskonia,Real Madrid,Real Madrid,71,79,15,16,21,23,16,20,19,20
Galatasaray CC,Panathinaikos,Panathinaikos,79,84,24,18,16,25,24,25,15,16
Olimpia Milano,Darussafaka Ct,Olimpia Milano,89,87,20,24,18,27,23,22,28,14
Bamberg,Maccabi Tel Aviv,Bamberg,90,75,16,21,25,22,25,10,24,22
Zalgiris Kaunas,Barcelona,Zalgiris Kaunas,89,85,18,24,21,14,22,23,28,24
Fenerbahce Ulker,CSKA Moscow,Fenerbahce Ulker,77,71,15,14,21,26,24,11,17,20
Unics Kazan,Olympiacos,Olympiacos,75,90,13,33,23,23,18,13,21,21
Real Madrid,Olimpia Milano,Real Madrid,94,89,22,18,24,31,23,24,25,16
Olympiacos,Bamberg,Olympiacos,83,77,24,13,17,19,24,24,18,21
Barcelona,Baskonia,Baskonia,79,93,20,21,23,32,20,30,16,10
Darussafaka Ct,Zalgiris Kaunas,Zalgiris Kaunas,66,69,14,16,17,22,18,17,17,14
CSKA Moscow,Anadolu Efes SK,CSKA Moscow,80,77,25,24,17,11,23,17,15,25
Maccabi Tel Aviv,Unics Kazan,Maccabi Tel Aviv,60,52,16,9,17,15,12,14,15,14
Crvena Zvezda,Panathinaikos,Crvena Zvezda,72,66,20,14,19,19,18,23,15,10
Fenerbahce Ulker,Galatasaray CC,Fenerbahce Ulker,85,80,19,27,22,27,23,12,21,14
Olimpia Milano,Olympiacos,Olimpia Milano,99,83,15,21,26,20,26,20,32,22
Bamberg,Real Madrid,Real Madrid,89,91,21,25,26,26,22,19,20,21
Anadolu Efes SK,Darussafaka Ct,Anadolu Efes SK,93,81,25,19,17,19,22,18,29,25
Baskonia,Crvena Zvezda,Crvena Zvezda,69,87,15,25,12,25,22,20,20,17
Panathinaikos,Barcelona,Panathinaikos,71,65,15,13,21,16,18,17,17,19
Zalgiris Kaunas,CSKA Moscow,Zalgiris Kaunas,79,74,20,20,18,25,19,16,22,13
Galatasaray CC,Maccabi Tel Aviv,Galatasaray CC,102,63,20,16,32,23,20,13,30,11
Unics Kazan,Fenerbahce Ulker,Fenerbahce Ulker,81,86,15,22,19,17,26,29,21,18
Olympiacos,Baskonia,Olympiacos,92,62,24,17,26,11,26,15,16,19
Darussafaka Ct,Unics Kazan,Darussafaka Ct,71,64,23,17,10,17,18,18,20,12
Zalgiris Kaunas,Real Madrid,Real Madrid,59,74,17,17,16,24,20,12,6,21
Barcelona,Anadolu Efes SK,Barcelona,89,78,16,15,17,19,30,19,26,25
Olimpia Milano,Galatasaray CC,Olimpia Milano,92,87,23,21,26,18,22,21,21,27
Maccabi Tel Aviv,Crvena Zvezda,Crvena Zvezda,67,71,17,16,17,17,20,15,13,23
Fenerbahce Ulker,Panathinaikos,Fenerbahce Ulker,84,63,27,16,17,12,16,17,24,18
CSKA Moscow,Bamberg,CSKA Moscow,85,64,21,17,23,16,25,15,16,16
Real Madrid,Maccabi Tel Aviv,Real Madrid,80,75,16,21,21,15,16,20,27,19
Panathinaikos,Anadolu Efes SK,Panathinaikos,92,81,21,13,17,19,12,18,20,20
CSKA Moscow,Olimpia Milano,CSKA Moscow,101,64,27,9,29,16,22,21,23,18
Galatasaray CC,Zalgiris Kaunas,Galatasaray CC,87,79,17,17,23,17,25,23,22,22
Barcelona,Olympiacos,Olympiacos,67,69,20,17,13,12,21,27,13,13
Crvena Zvezda,Fenerbahce Ulker,Crvena Zvezda,75,73,23,23,21,19,17,17,14,14
Darussafaka Ct,Baskonia,Darussafaka Ct,98,89,20,24,27,22,30,22,21,21
Unics Kazan,Bamberg,Unics Kazan,63,58,13,20,17,16,16,11,17,11
Real Madrid,CSKA Moscow,Real Madrid,95,85,23,24,27,22,24,24,21,15
Olympiacos,Panathinaikos,Olympiacos,77,69,17,11,21,26,17,13,22,19
Zalgiris Kaunas,Crvena Zvezda,Crvena Zvezda,61,77,7,21,15,26,17,14,22,16
Fenerbahce Ulker,Olimpia Milano,Fenerbahce Ulker,86,79,18,19,23,21,22,18,23,21
Baskonia,Unics Kazan,Baskonia,102,70,25,15,28,21,24,14,25,20
Maccabi Tel Aviv,Darussafaka Ct,Maccabi Tel Aviv,93,92,29,14,24,22,14,35,26,21
Bamberg,Barcelona,Bamberg,85,65,18,17,22,14,19,16,26,18
Anadolu Efes SK,Galatasaray CC,Anadolu Efes SK,84,73,22,18,20,18,24,23,18,14
Barcelona,Darussafaka Ct,Barcelona,81,77,19,22,16,18,24,17,22,20
Galatasaray CC,Bamberg,Bamberg,75,90,19,24,19,23,14,27,23,16
Unics Kazan,Panathinaikos,Unics Kazan,83,81,13,19,22,25,28,21,20,16
Baskonia,Maccabi Tel Aviv,Baskonia,101,88,30,24,12,16,29,24,30,24
Olimpia Milano,Zalgiris Kaunas,Zalgiris Kaunas,70,78,16,21,17,15,23,20,14,22
Olympiacos,Fenerbahce Ulker,Olympiacos,71,62,18,9,22,12,18,19,13,22
Crvena Zvezda,CSKA Moscow,Crvena Zvezda,78,67,27,14,21,20,16,22,14,11
Anadolu Efes SK,Real Madrid,Real Madrid,78,80,22,21,14,16,27,24,15,19
Barcelona,Olimpia Milano,Barcelona,89,75,32,19,17,16,23,16,17,24
Panathinaikos,Baskonia,Panathinaikos,69,68,27,18,10,23,18,18,14,9
Darussafaka Ct,Maccabi Tel Aviv,Darussafaka Ct,86,84,13,22,18,26,27,13,28,23
CSKA Moscow,Fenerbahce Ulker,Fenerbahce Ulker,79,95,23,13,18,23,18,22,16,17
Bamberg,Olympiacos,Bamberg,82,68,23,13,25,17,11,20,23,18
Crvena Zvezda,Real Madrid,Crvena Zvezda,82,70,20,19,23,16,19,16,20,19
Zalgiris Kaunas,Unics Kazan,Unics Kazan,80,88,19,23,27,20,23,15,11,30
Galatasaray CC,Anadolu Efes SK,Anadolu Efes SK,76,86,18,16,26,22,14,22,18,26
Baskonia,Barcelona,Baskonia,65,62,9,16,15,14,23,15,18,17
Maccabi Tel Aviv,CSKA Moscow,CSKA Moscow,76,80,31,16,15,26,13,16,17,22
Olimpia Milano,Panathinaikos,Panathinaikos,72,86,21,16,8,24,13,24,30,22
Fenerbahce Ulker,Darussafaka Ct,Darussafaka Ct,64,71,18,20,17,17,13,13,16,21
Real Madrid,Bamberg,Real Madrid,95,72,24,9,23,16,25,15,23,32
Olympiacos,Crvena Zvezda,Olympiacos,73,65,22,18,23,16,11,9,17,22
Anadolu Efes SK,Zalgiris Kaunas,Zalgiris Kaunas,71,84,13,16,17,28,21,22,20,18
Unics Kazan,Galatasaray CC,Unics Kazan,73,60,15,11,22,20,18,12,18,17
Panathinaikos,Fenerbahce Ulker,Panathinaikos,81,70,23,14,18,23,20,15,20,18
CSKA Moscow,Barcelona,CSKA Moscow,92,76,24,11,20,31,27,23,21,11
Galatasaray CC,Olimpia Milano,Galatasaray CC,83,80,21,15,22,17,19,27,21,21
Bamberg,Anadolu Efes SK,Bamberg,91,83,23,22,25,19,23,23,20,19
Crvena Zvezda,Maccabi Tel Aviv,Crvena Zvezda,83,58,19,14,23,10,23,18,18,16
Zalgiris Kaunas,Olympiacos,Olympiacos,75,88,23,21,17,21,20,21,15,25
Darussafaka Ct,Real Madrid,Darussafaka Ct,81,68,17,20,18,11,17,13,29,24
Unics Kazan,Baskonia,Baskonia,91,92,20,22,20,21,27,24,24,25
Baskonia,Darussafaka Ct,Baskonia,73,52,18,9,19,10,18,14,18,19
Olympiacos,Unics Kazan,Olympiacos,88,59,24,16,19,12,25,14,20,17
Panathinaikos,Galatasaray CC,Panathinaikos,85,58,20,13,19,18,25,14,21,13
Anadolu Efes SK,Barcelona,Anadolu Efes SK,72,68,21,15,15,13,18,17,18,23
Real Madrid,Zalgiris Kaunas,Real Madrid,96,91,25,22,24,27,25,20,22,22
Olimpia Milano,CSKA Moscow,CSKA Moscow,64,79,23,21,15,15,16,30,10,13
Fenerbahce Ulker,Crvena Zvezda,Fenerbahce Ulker,87,72,20,18,21,13,27,19,19,22
Maccabi Tel Aviv,Bamberg,Bamberg,70,85,16,20,14,26,22,16,18,23
Barcelona,Panathinaikos,Barcelona,72,57,19,19,17,12,21,9,15,17
Baskonia,Galatasaray CC,Baskonia,69,62,22,9,14,23,18,16,15,14
Crvena Zvezda,Zalgiris Kaunas,Zalgiris Kaunas,79,88,16,24,28,18,22,24,13,22
Darussafaka Ct,Olympiacos,Olympiacos,71,77,21,24,13,19,17,14,20,20
Maccabi Tel Aviv,Anadolu Efes SK,Anadolu Efes SK,77,86,20,21,20,26,23,16,14,23
Bamberg,CSKA Moscow,CSKA Moscow,88,90,16,17,14,24,28,20,30,29
Fenerbahce Ulker,Real Madrid,Fenerbahce Ulker,78,77,23,19,16,21,18,17,21,20
Unics Kazan,Olimpia Milano,Unics Kazan,100,79,35,24,22,19,16,26,27,10
Panathinaikos,Darussafaka Ct,Panathinaikos,86,80,21,16,25,18,18,26,22,20
CSKA Moscow,Baskonia,CSKA Moscow,112,84,17,27,32,19,34,23,29,15
Galatasaray CC,Barcelona,Galatasaray CC,78,64,17,16,22,19,22,13,17,16
Real Madrid,Unics Kazan,Real Madrid,89,75,25,17,15,20,22,18,27,20
Olimpia Milano,Fenerbahce Ulker,Fenerbahce Ulker,70,79,17,21,19,23,27,14,7,21
Zalgiris Kaunas,Bamberg,Zalgiris Kaunas,86,72,18,22,29,17,24,16,15,17
Olympiacos,Maccabi Tel Aviv,Maccabi Tel Aviv,73,80,20,24,17,20,12,21,24,15
Anadolu Efes SK,Crvena Zvezda,Anadolu Efes SK,100,79,21,21,26,19,27,24,26,15
Barcelona,Real Madrid,Real Madrid,63,102,17,29,14,25,15,21,17,27
Panathinaikos,Olympiacos,Olympiacos,77,79,23,23,16,24,24,14,14,18
CSKA Moscow,Zalgiris Kaunas,CSKA Moscow,95,86,19,21,21,20,27,28,28,17
Galatasaray CC,Darussafaka Ct,Galatasaray CC,85,81,17,21,20,17,28,17,20,26
Baskonia,Bamberg,Baskonia,81,74,16,23,16,24,23,16,26,11
Crvena Zvezda,Olimpia Milano,Crvena Zvezda,83,70,14,19,23,13,17,14,29,24
Fenerbahce Ulker,Anadolu Efes SK,Fenerbahce Ulker,88,80,17,25,26,17,21,19,24,19
Unics Kazan,Maccabi Tel Aviv,Maccabi Tel Aviv,73,74,17,25,21,16,16,20,19,13
Real Madrid,Panathinaikos,Real Madrid,87,84,21,23,32,27,19,18,15,16
Olympiacos,Barcelona,Olympiacos,59,52,21,16,11,9,17,13,10,14
Zalgiris Kaunas,Galatasaray CC,Zalgiris Kaunas,87,75,20,20,29,17,20,14,18,24
Darussafaka Ct,CSKA Moscow,Darussafaka Ct,91,83,30,18,19,19,24,20,18,26
Olimpia Milano,Baskonia,Olimpia Milano,88,76,27,17,22,18,23,21,16,20
Maccabi Tel Aviv,Fenerbahce Ulker,Maccabi Tel Aviv,87,77,15,17,28,22,23,21,21,17
Bamberg,Crvena Zvezda,Crvena Zvezda,78,79,14,11,15,27,32,20,17,21
Anadolu Efes SK,Unics Kazan,Anadolu Efes SK,104,99,24,26,25,28,32,20,23,25
Baskonia,Fenerbahce Ulker,Baskonia,86,52,14,11,27,13,26,16,19,12
CSKA Moscow,Real Madrid,CSKA Moscow,91,90,17,26,32,12,24,30,18,22
Galatasaray CC,Olympiacos,Galatasaray CC,89,87,14,20,24,14,25,23,26,30
Barcelona,Zalgiris Kaunas,Barcelona,92,86,16,12,20,23,29,24,27,27
Olimpia Milano,Anadolu Efes SK,Olimpia Milano,105,92,25,24,30,25,24,18,26,25
Panathinaikos,Maccabi Tel Aviv,Panathinaikos,83,75,18,12,17,16,17,15,15,24
Darussafaka Ct,Bamberg,Darussafaka Ct,72,70,23,17,17,23,20,10,12,20
Unics Kazan,Crvena Zvezda,Unics Kazan,65,62,17,17,10,15,14,11,24,19
Crvena Zvezda,Baskonia,Baskonia,63,70,15,22,13,15,20,22,15,11
Anadolu Efes SK,Panathinaikos,Anadolu Efes SK,91,83,16,20,19,22,18,11,17,17
Zalgiris Kaunas,Darussafaka Ct,Darussafaka Ct,80,83,25,15,10,11,21,35,24,22
Real Madrid,Galatasaray CC,Real Madrid,90,81,19,22,26,25,21,17,24,17
Bamberg,Olimpia Milano,Bamberg,106,102,18,21,20,25,23,18,30,27
Olympiacos,CSKA Moscow,CSKA Moscow,75,81,21,25,7,19,23,22,24,15
Maccabi Tel Aviv,Barcelona,Barcelona,69,79,18,20,16,20,13,18,22,21
Fenerbahce Ulker,Unics Kazan,Unics Kazan,73,81,15,20,24,23,23,20,11,18
Barcelona,Bamberg,Barcelona,78,74,19,19,21,19,19,19,19,17
Panathinaikos,Crvena Zvezda,Panathinaikos,70,59,23,14,23,11,15,16,9,18
Galatasaray CC,Fenerbahce Ulker,Fenerbahce Ulker,87,103,19,22,22,26,23,22,23,33
Zalgiris Kaunas,Maccabi Tel Aviv,Maccabi Tel Aviv,74,87,16,21,16,22,25,21,17,23
Baskonia,Olympiacos,Olympiacos,90,95,27,22,25,25,22,25,16,23
Olimpia Milano,Real Madrid,Real Madrid,90,101,20,26,21,26,25,23,24,26
Darussafaka Ct,Anadolu Efes SK,Anadolu Efes SK,79,84,20,13,26,22,19,23,14,26
CSKA Moscow,Unics Kazan,CSKA Moscow,98,80,23,20,24,23,21,12,30,25
Maccabi Tel Aviv,Galatasaray CC,Maccabi Tel Aviv,98,92,18,24,26,23,25,18,29,27
Bamberg,Panathinaikos,Panathinaikos,83,84,15,20,22,22,26,20,20,22
Fenerbahce Ulker,Zalgiris Kaunas,Fenerbahce Ulker,82,68,28,24,16,13,19,19,19,12
Crvena Zvezda,Barcelona,Crvena Zvezda,76,65,9,16,31,15,20,17,16,17
Real Madrid,Baskonia,Baskonia,87,91,19,32,24,22,23,15,21,22
Anadolu Efes SK,CSKA Moscow,CSKA Moscow,87,93,23,26,14,23,26,20,24,24
Olympiacos,Olimpia Milano,Olympiacos,91,81,25,19,21,22,24,20,21,20
Unics Kazan,Darussafaka Ct,Darussafaka Ct,87,94,29,28,18,18,12,19,28,29
Barcelona,Fenerbahce Ulker,Fenerbahce Ulker,72,73,19,21,17,19,15,13,21,20
CSKA Moscow,Panathinaikos,CSKA Moscow,81,77,22,19,13,11,22,28,24,19
Galatasaray CC,Crvena Zvezda,Crvena Zvezda,83,85,30,17,17,30,20,22,16,16
Zalgiris Kaunas,Baskonia,Zalgiris Kaunas,78,73,20,23,14,17,27,21,17,12
Darussafaka Ct,Olimpia Milano,Olimpia Milano,80,81,23,24,18,22,17,14,22,21
Maccabi Tel Aviv,Real Madrid,Real Madrid,82,89,16,20,17,26,24,16,25,27
Bamberg,Unics Kazan,Bamberg,89,86,19,17,22,27,19,23,29,19
Olympiacos,Anadolu Efes SK,Olympiacos,90,66,28,16,13,17,21,20,28,13
Baskonia,Anadolu Efes SK,Baskonia,85,84,25,27,24,24,19,22,17,11
Panathinaikos,Zalgiris Kaunas,Panathinaikos,84,76,20,15,17,15,14,22,33,24
Fenerbahce Ulker,Bamberg,Fenerbahce Ulker,67,66,18,22,18,11,17,18,14,15
Unics Kazan,Barcelona,Barcelona,63,69,21,23,15,11,15,9,12,26
Crvena Zvezda,Darussafaka Ct,Darussafaka Ct,70,73,24,17,20,13,8,16,18,27
Olimpia Milano,Maccabi Tel Aviv,Olimpia Milano,99,97,25,24,19,20,28,21,27,32
Galatasaray CC,CSKA Moscow,CSKA Moscow,84,109,18,27,27,30,26,24,13,28
Real Madrid,Olympiacos,Real Madrid,83,65,24,17,18,23,20,13,21,12
Guandong,CSKA Moscow,CSKA Moscow,75,101,21,25,13,28,19,22,22,26
Sichuan,CSKA Moscow,CSKA Moscow,49,92,19,29,8,20,15,19,7,24
Fenerbahce Ulker,CSKA Moscow,CSKA Moscow,96,101,20,22,10,28,23,19,30,14
Baskonia,Lokomotiv Kuban,Lokomotiv Kuban,75,85,16,20,26,20,11,21,22,24
Fenerbahce Ulker,Baskonia,Fenerbahce Ulker,88,77,23,15,18,25,14,17,17,15
CSKA Moscow,Lokomotiv Kuban,CSKA Moscow,88,81,23,12,24,25,21,22,20,22
Lokomotiv Kuban,Barcelona,Lokomotiv Kuban,81,67,26,21,24,18,8,23,23,5
Barcelona,Lokomotiv Kuban,Lokomotiv Kuban,80,92,19,21,16,19,19,11,22,25
Barcelona,Lokomotiv Kuban,Barcelona,82,70,19,23,23,13,19,14,21,20
Real Madrid,Fenerbahce Ulker,Fenerbahce Ulker,63,75,13,18,14,12,13,24,23,21
Panathinaikos,Baskonia,Baskonia,75,84,17,20,20,22,18,14,20,28
Crvena Zvezda,CSKA Moscow,CSKA Moscow,71,78,21,18,14,18,12,23,24,19
Baskonia,Panathinaikos,Baskonia,82,78,16,21,22,15,16,15,19,22
Lokomotiv Kuban,Barcelona,Barcelona,66,92,19,24,12,24,18,23,17,21
Fenerbahce Ulker,Real Madrid,Fenerbahce Ulker,100,78,27,14,27,15,22,19,24,30
CSKA Moscow,Crvena Zvezda,CSKA Moscow,77,76,20,20,24,28,19,12,14,16
Baskonia,Panathinaikos,Baskonia,84,68,18,16,21,12,25,21,20,19
Lokomotiv Kuban,Barcelona,Lokomotiv Kuban,66,61,17,19,10,14,23,20,16,8
Fenerbahce Ulker,Real Madrid,Fenerbahce Ulker,75,69,15,11,26,18,12,23,22,17
CSKA Moscow,Crvena Zvezda,CSKA Moscow,84,74,25,20,19,20,19,16,21,18
Olympiacos,CSKA Moscow,CSKA Moscow,96,99,25,33,20,17,24,14,27,35
Unicaja,Fenerbahce Ulker,Unicaja,71,67,23,20,16,8,19,20,13,19
Cedevita,Crvena Zvezda,Cedevita,83,62,29,12,23,19,16,14,15,17
Darussafaka Ct,Lokomotiv Kuban,Darussafaka Ct,87,86,20,23,18,24,26,19,23,20
Real Madrid,Khimki,Real Madrid,83,70,33,28,21,21,12,9,17,12
Bamberg,Baskonia,Bamberg,89,69,29,14,16,14,18,24,26,17
Anadolu Efes SK,Panathinaikos,Anadolu Efes SK,91,86,17,23,26,29,18,14,30,20
Zalgiris Kaunas,Barcelona,Barcelona,59,66,16,16,18,12,14,21,11,17
Panathinaikos,Cedevita,Panathinaikos,76,60,20,5,22,14,16,18,18,23
Baskonia,Real Madrid,Baskonia,89,88,11,21,25,25,31,21,22,21
Fenerbahce Ulker,Anadolu Efes SK,Fenerbahce Ulker,90,86,19,16,18,18,29,16,24,36
CSKA Moscow,Zalgiris Kaunas,CSKA Moscow,100,86,21,23,26,25,27,13,26,25
Barcelona,Bamberg,Barcelona,75,57,18,12,25,11,16,18,16,16
Crvena Zvezda,Darussafaka Ct,Darussafaka Ct,61,80,20,15,14,20,15,20,12,25
Khimki,Olympiacos,Khimki,98,66,25,22,23,14,28,14,22,16
Lokomotiv Kuban,Unicaja,Lokomotiv Kuban,81,60,18,14,21,21,23,20,19,5
Anadolu Efes SK,Unicaja,Anadolu Efes SK,87,67,27,11,22,19,16,17,22,20
Olympiacos,Real Madrid,Olympiacos,99,84,23,17,30,16,20,21,26,30
Cedevita,Fenerbahce Ulker,Cedevita,89,59,22,13,22,17,27,13,18,16
Zalgiris Kaunas,Khimki,Khimki,71,76,17,20,20,15,12,21,22,20
Bamberg,CSKA Moscow,Bamberg,91,83,22,20,21,19,25,28,23,16
Darussafaka Ct,Panathinaikos,Panathinaikos,84,86,30,22,12,18,21,25,21,21
Lokomotiv Kuban,Crvena Zvezda,Lokomotiv Kuban,86,62,19,15,26,20,21,14,20,13
Baskonia,Barcelona,Baskonia,75,71,15,16,25,17,16,12,19,26
Olympiacos,Zalgiris Kaunas,Olympiacos,74,59,14,15,25,15,19,11,16,18
Unicaja,Crvena Zvezda,Crvena Zvezda,72,78,20,12,23,15,17,26,12,25
Anadolu Efes SK,Cedevita,Anadolu Efes SK,80,76,20,28,14,8,19,18,27,22
Bamberg,Khimki,Bamberg,84,79,16,17,24,23,16,24,28,15
Barcelona,Real Madrid,Barcelona,72,65,25,4,15,24,12,23,20,14
Panathinaikos,Lokomotiv Kuban,Panathinaikos,84,79,19,19,17,22,24,22,24,16
Fenerbahce Ulker,Darussafaka Ct,Fenerbahce Ulker,77,69,25,21,20,18,12,15,20,15
CSKA Moscow,Baskonia,CSKA Moscow,90,78,20,14,20,12,28,30,22,22
Barcelona,CSKA Moscow,Barcelona,100,98,21,24,26,14,13,26,25,21
Crvena Zvezda,Panathinaikos,Crvena Zvezda,69,67,10,18,18,13,25,11,16,25
Darussafaka Ct,Anadolu Efes SK,Anadolu Efes SK,68,72,15,13,11,21,24,21,18,17
Zalgiris Kaunas,Real Madrid,Real Madrid,75,90,17,13,24,26,12,23,22,28
Baskonia,Khimki,Baskonia,98,83,21,24,24,22,27,15,26,22
Bamberg,Olympiacos,Bamberg,72,71,19,21,19,16,13,19,21,15
Cedevita,Unicaja,Unicaja,78,91,23,25,19,23,12,17,24,26
Lokomotiv Kuban,Fenerbahce Ulker,Fenerbahce Ulker,52,55,13,17,12,13,19,13,8,12
Olympiacos,Baskonia,Olympiacos,82,68,19,16,25,14,19,17,19,21
Fenerbahce Ulker,Crvena Zvezda,Fenerbahce Ulker,72,65,14,18,11,16,24,6,23,25
Zalgiris Kaunas,Bamberg,Zalgiris Kaunas,75,73,25,19,16,19,18,17,16,18
Anadolu Efes SK,Lokomotiv Kuban,Lokomotiv Kuban,61,76,16,17,12,21,16,15,17,23
Unicaja,Panathinaikos,Panathinaikos,58,76,7,26,20,16,19,22,12,12
Cedevita,Darussafaka Ct,Darussafaka Ct,77,83,19,24,19,19,23,16,16,24
Khimki,Barcelona,Khimki,75,61,24,14,24,15,13,14,14,18
Real Madrid,CSKA Moscow,CSKA Moscow,87,96,18,18,19,24,25,22,25,32
Barcelona,Olympiacos,Barcelona,82,66,19,19,26,12,26,16,11,19
Crvena Zvezda,Anadolu Efes SK,Crvena Zvezda,91,82,24,19,14,27,25,19,28,17
Baskonia,Zalgiris Kaunas,Baskonia,71,65,22,20,10,12,13,21,26,12
Panathinaikos,Fenerbahce Ulker,Panathinaikos,76,71,15,20,21,16,19,17,21,18
Bamberg,Real Madrid,Real Madrid,86,90,26,23,19,23,20,26,21,18
Lokomotiv Kuban,Cedevita,Lokomotiv Kuban,87,63,29,12,15,21,26,13,17,17
Darussafaka Ct,Unicaja,Darussafaka Ct,78,55,19,16,18,12,22,17,19,10
CSKA Moscow,Khimki,CSKA Moscow,108,98,28,23,25,23,24,20,31,32
Barcelona,Zalgiris Kaunas,Barcelona,92,86,16,19,22,12,27,24,27,31
Panathinaikos,Anadolu Efes SK,Panathinaikos,83,78,17,20,19,15,28,24,19,19
CSKA Moscow,Olympiacos,CSKA Moscow,92,85,18,15,23,18,25,28,26,24
Lokomotiv Kuban,Darussafaka Ct,Lokomotiv Kuban,82,58,19,16,25,12,16,12,22,18
Baskonia,Bamberg,Baskonia,90,64,26,13,23,17,23,16,18,18
Crvena Zvezda,Cedevita,Crvena Zvezda,94,74,26,12,17,20,19,24,32,18
Fenerbahce Ulker,Unicaja,Fenerbahce Ulker,80,59,16,15,25,13,20,17,19,14
Khimki,Real Madrid,Real Madrid,82,93,26,26,24,17,19,28,13,22
Olympiacos,Khimki,Olympiacos,89,77,20,24,18,19,24,17,27,17
Real Madrid,Baskonia,Baskonia,68,77,19,19,18,22,12,18,19,18
Anadolu Efes SK,Fenerbahce Ulker,Fenerbahce Ulker,73,77,21,18,20,17,16,20,16,22
Zalgiris Kaunas,CSKA Moscow,CSKA Moscow,59,94,11,26,18,18,16,22,14,28
Unicaja,Lokomotiv Kuban,Lokomotiv Kuban,64,82,16,16,16,18,15,26,17,22
Bamberg,Barcelona,Bamberg,74,70,13,17,22,15,18,18,21,20
Darussafaka Ct,Crvena Zvezda,Darussafaka Ct,69,66,21,19,20,18,14,17,14,12
Cedevita,Panathinaikos,Panathinaikos,60,78,13,18,9,21,14,21,24,18
Barcelona,Baskonia,Baskonia,78,81,15,13,14,18,15,20,26,19
Panathinaikos,Darussafaka Ct,Panathinaikos,82,79,16,21,26,17,21,20,19,21
Crvena Zvezda,Lokomotiv Kuban,Crvena Zvezda,80,66,33,21,17,16,17,17,13,12
Unicaja,Anadolu Efes SK,Anadolu Efes SK,75,85,23,21,24,25,19,20,9,19
Khimki,Zalgiris Kaunas,Khimki,111,80,25,18,27,20,25,23,34,19
Real Madrid,Olympiacos,Real Madrid,84,72,17,19,24,16,22,13,21,24
Fenerbahce Ulker,Cedevita,Fenerbahce Ulker,86,73,27,12,13,21,22,28,24,12
CSKA Moscow,Bamberg,CSKA Moscow,91,70,25,23,30,11,18,16,18,20
Crvena Zvezda,Unicaja,Crvena Zvezda,87,73,21,14,20,17,19,22,27,20
Darussafaka Ct,Fenerbahce Ulker,Fenerbahce Ulker,100,106,24,37,27,25,22,24,27,20
Zalgiris Kaunas,Olympiacos,Zalgiris Kaunas,75,55,17,18,16,9,20,18,22,10
Khimki,Bamberg,Khimki,78,61,16,12,14,16,24,17,24,16
Real Madrid,Barcelona,Barcelona,86,87,27,17,21,20,15,25,23,25
Baskonia,CSKA Moscow,Baskonia,81,71,18,10,16,24,23,20,24,17
Cedevita,Anadolu Efes SK,Cedevita,84,80,24,20,23,27,18,12,19,21
Lokomotiv Kuban,Panathinaikos,Lokomotiv Kuban,76,67,22,22,16,17,15,12,23,16
Olympiacos,Bamberg,Bamberg,72,77,10,18,16,21,21,20,25,18
Real Madrid,Zalgiris Kaunas,Real Madrid,92,86,26,18,19,24,20,11,27,33
Anadolu Efes SK,Darussafaka Ct,Anadolu Efes SK,84,71,14,15,22,12,25,24,23,20
Khimki,Baskonia,Khimki,76,68,17,12,22,27,20,9,17,20
Unicaja,Cedevita,Unicaja,90,67,27,14,25,17,19,19,19,17
Panathinaikos,Crvena Zvezda,Crvena Zvezda,63,74,14,16,20,22,14,16,15,20
Fenerbahce Ulker,Lokomotiv Kuban,Fenerbahce Ulker,85,79,20,18,17,27,14,15,34,19
CSKA Moscow,Barcelona,CSKA Moscow,93,82,28,29,26,17,22,13,17,23
Panathinaikos,Unicaja,Panathinaikos,68,66,21,17,16,16,21,22,10,11
Bamberg,Zalgiris Kaunas,Bamberg,96,63,24,13,25,16,22,23,25,11
Crvena Zvezda,Fenerbahce Ulker,Fenerbahce Ulker,65,88,20,23,8,18,18,22,19,25
Lokomotiv Kuban,Anadolu Efes SK,Lokomotiv Kuban,78,77,13,21,24,22,16,16,25,18
Barcelona,Khimki,Barcelona,87,70,23,16,26,13,18,22,20,19
Baskonia,Olympiacos,Olympiacos,76,82,18,24,16,19,22,19,20,20
Darussafaka Ct,Cedevita,Cedevita,72,79,26,19,13,21,19,18,14,21
CSKA Moscow,Real Madrid,CSKA Moscow,95,81,22,20,28,21,21,23,24,17
Real Madrid,Bamberg,Real Madrid,82,79,13,19,17,21,27,20,25,19
Fenerbahce Ulker,Panathinaikos,Fenerbahce Ulker,82,75,28,18,18,25,16,15,20,17
Cedevita,Lokomotiv Kuban,Lokomotiv Kuban,75,89,21,16,20,34,15,13,19,26
Zalgiris Kaunas,Baskonia,Baskonia,68,89,14,33,26,22,15,9,13,25
Anadolu Efes SK,Crvena Zvezda,Anadolu Efes SK,85,84,25,23,19,31,17,18,24,12
Unicaja,Darussafaka Ct,Unicaja,70,62,14,16,15,16,25,21,16,9
Olympiacos,Barcelona,Olympiacos,74,62,14,14,25,12,17,14,18,22
Khimki,CSKA Moscow,Khimki,91,89,21,29,20,22,28,20,22,18
Olimpia Milano,Limoges,Limoges,69,77,19,20,22,28,13,18,15,11
Olympiacos,Anadolu Efes SK,Anadolu Efes SK,68,81,10,21,19,19,25,24,14,17
Unicaja,CSKA Moscow,CSKA Moscow,76,88,24,20,22,22,11,23,19,23
Crvena Zvezda,Bayern,Crvena Zvezda,85,76,31,20,13,20,12,25,29,11
Zielona Gora,Pinar Karsiyaka,Pinar Karsiyaka,81,83,20,24,16,25,25,14,20,20
Lokomotiv Kuban,Barcelona,Lokomotiv Kuban,78,74,18,17,11,18,25,25,24,14
Real Madrid,Strasbourg,Real Madrid,97,65,29,15,23,22,23,13,22,15
Baskonia,Cedevita,Baskonia,92,70,23,16,22,13,22,28,25,13
Bamberg,Sassari,Bamberg,86,54,20,14,29,19,18,14,19,7
Darussafaka Ct,Maccabi Tel Aviv,Maccabi Tel Aviv,66,70,23,19,12,19,14,12,17,20
Zalgiris Kaunas,Panathinaikos,Panathinaikos,72,75,16,21,20,13,22,18,14,23
Khimki,Fenerbahce Ulker,Fenerbahce Ulker,68,70,26,24,13,15,10,11,19,20
Fenerbahce Ulker,Crvena Zvezda,Fenerbahce Ulker,79,61,18,20,21,17,19,14,21,10
Panathinaikos,Zielona Gora,Panathinaikos,82,51,26,23,21,10,20,14,15,4
Strasbourg,Khimki,Khimki,69,78,24,20,19,25,14,14,12,19
Bayern,Real Madrid,Real Madrid,67,86,18,20,20,16,13,29,16,21
Cedevita,Olimpia Milano,Olimpia Milano,82,85,18,25,13,20,26,21,25,19
CSKA Moscow,Darussafaka Ct,CSKA Moscow,94,66,24,19,27,22,29,7,14,18
Barcelona,Zalgiris Kaunas,Zalgiris Kaunas,88,92,16,27,22,18,25,25,25,22
Limoges,Olympiacos,Olympiacos,67,76,15,20,21,26,12,19,19,11
Sassari,Unicaja,Unicaja,65,77,23,26,16,22,12,15,14,14
Maccabi Tel Aviv,Bamberg,Maccabi Tel Aviv,85,65,22,10,19,18,29,22,15,15
Anadolu Efes SK,Baskonia,Anadolu Efes SK,95,86,16,21,25,25,26,20,28,20
Pinar Karsiyaka,Lokomotiv Kuban,Lokomotiv Kuban,78,88,22,27,21,23,14,20,21,18
Panathinaikos,Barcelona,Panathinaikos,93,86,21,22,24,13,21,22,27,29
Strasbourg,Bayern,Bayern,69,82,15,21,14,27,11,18,29,16
Crvena Zvezda,Khimki,Crvena Zvezda,96,91,27,26,23,27,18,16,28,22
Darussafaka Ct,Unicaja,Darussafaka Ct,63,57,20,15,10,13,15,20,18,9
Lokomotiv Kuban,Zielona Gora,Zielona Gora,51,66,13,24,14,16,11,12,13,14
Olympiacos,Olimpia Milano,Olympiacos,73,63,14,13,11,16,23,19,25,15
Bamberg,CSKA Moscow,CSKA Moscow,88,100,20,26,27,25,23,28,18,21
Real Madrid,Fenerbahce Ulker,Real Madrid,80,73,18,28,18,17,20,10,24,18
Baskonia,Limoges,Baskonia,92,56,29,15,25,14,19,14,19,13
Cedevita,Anadolu Efes SK,Anadolu Efes SK,75,81,13,17,26,25,26,15,10,24
Sassari,Maccabi Tel Aviv,Maccabi Tel Aviv,74,76,15,20,18,20,19,17,22,19
Zalgiris Kaunas,Pinar Karsiyaka,Zalgiris Kaunas,74,52,22,14,18,11,13,16,21,11
Darussafaka Ct,Bamberg,Bamberg,54,65,17,17,12,15,12,18,13,15
Crvena Zvezda,Real Madrid,Crvena Zvezda,94,88,28,18,18,25,20,24,28,21
CSKA Moscow,Sassari,CSKA Moscow,93,87,25,26,25,19,20,13,23,29
Pinar Karsiyaka,Panathinaikos,Panathinaikos,66,69,9,21,14,15,18,14,25,19
Lokomotiv Kuban,Zalgiris Kaunas,Lokomotiv Kuban,80,50,28,14,25,3,12,10,15,23
Unicaja,Maccabi Tel Aviv,Unicaja,82,68,26,20,22,11,15,18,19,19
Olimpia Milano,Anadolu Efes SK,Olimpia Milano,88,84,23,21,21,25,22,19,22,19
Olympiacos,Baskonia,Olympiacos,59,52,12,6,24,16,10,17,13,13
Limoges,Cedevita,Cedevita,69,78,18,20,21,28,12,15,18,15
Fenerbahce Ulker,Strasbourg,Fenerbahce Ulker,81,64,22,14,18,20,21,13,20,17
Zielona Gora,Barcelona,Barcelona,64,93,18,24,17,20,15,25,14,24
Khimki,Bayern,Bayern,70,81,14,23,16,19,21,17,19,22
Sassari,Darussafaka Ct,Darussafaka Ct,60,68,16,12,14,25,11,19,19,12
Panathinaikos,Lokomotiv Kuban,Lokomotiv Kuban,71,77,10,21,19,12,25,26,17,18
Bamberg,Unicaja,Bamberg,73,53,14,17,26,12,20,8,13,16
Anadolu Efes SK,Limoges,Anadolu Efes SK,92,74,25,20,26,15,19,22,22,17
Barcelona,Pinar Karsiyaka,Barcelona,107,79,26,16,22,21,31,20,28,22
Bayern,Fenerbahce Ulker,Fenerbahce Ulker,67,84,10,30,20,20,18,17,19,17
Strasbourg,Crvena Zvezda,Strasbourg,78,75,19,30,15,22,22,12,22,11
Baskonia,Olimpia Milano,Baskonia,94,82,28,19,24,18,20,17,22,28
Maccabi Tel Aviv,CSKA Moscow,CSKA Moscow,82,88,18,13,19,25,26,27,19,23
Cedevita,Olympiacos,Olympiacos,70,83,24,21,16,20,16,23,14,19
Zalgiris Kaunas,Zielona Gora,Zalgiris Kaunas,67,56,17,14,19,15,21,20,10,7
Real Madrid,Khimki,Khimki,82,85,22,24,20,20,21,22,19,19
Fenerbahce Ulker,Khimki,Fenerbahce Ulker,88,83,23,21,26,20,15,18,24,24
Panathinaikos,Zalgiris Kaunas,Panathinaikos,91,56,27,13,17,12,26,16,21,15
Sassari,Bamberg,Bamberg,73,90,21,14,13,22,19,24,20,30
Strasbourg,Real Madrid,Strasbourg,93,86,24,25,27,19,27,19,15,23
Cedevita,Baskonia,Cedevita,76,67,16,18,15,19,23,13,22,17
Pinar Karsiyaka,Zielona Gora,Pinar Karsiyaka,77,66,21,16,15,12,21,13,20,25
CSKA Moscow,Unicaja,Unicaja,78,86,20,17,23,25,22,19,13,25
Barcelona,Lokomotiv Kuban,Barcelona,72,68,18,16,19,15,11,18,24,19
Bayern,Crvena Zvezda,Crvena Zvezda,79,90,19,19,24,19,23,25,13,27
Limoges,Olimpia Milano,Limoges,74,65,19,21,20,9,17,16,18,19
Maccabi Tel Aviv,Darussafaka Ct,Darussafaka Ct,73,84,20,20,19,17,14,23,20,24
Anadolu Efes SK,Olympiacos,Olympiacos,87,91,13,20,17,16,24,18,22,22
Unicaja,Sassari,Unicaja,80,62,20,16,16,21,24,7,20,18
Crvena Zvezda,Fenerbahce Ulker,Fenerbahce Ulker,60,74,19,25,12,20,11,14,18,15
Zielona Gora,Panathinaikos,Zielona Gora,71,68,19,15,21,18,17,16,14,19
Zalgiris Kaunas,Barcelona,Barcelona,78,85,23,22,16,23,18,22,21,18
Lokomotiv Kuban,Pinar Karsiyaka,Lokomotiv Kuban,72,53,17,21,13,14,22,7,20,11
Baskonia,Anadolu Efes SK,Baskonia,92,90,16,18,12,15,24,24,29,24
Olimpia Milano,Cedevita,Cedevita,68,77,11,21,19,14,20,14,18,28
Olympiacos,Limoges,Olympiacos,75,49,16,17,12,12,23,13,24,7
Real Madrid,Bayern,Real Madrid,101,99,33,20,18,31,22,30,28,18
Bamberg,Maccabi Tel Aviv,Bamberg,77,66,23,22,19,13,9,22,26,9
Darussafaka Ct,CSKA Moscow,CSKA Moscow,75,80,19,24,24,24,9,22,23,10
Khimki,Strasbourg,Khimki,88,62,23,15,16,11,25,14,24,22
Olimpia Milano,Olympiacos,Olympiacos,66,71,23,20,14,19,17,13,12,19
Bayern,Strasbourg,Bayern,76,61,18,12,13,17,23,18,22,14
Unicaja,Darussafaka Ct,Unicaja,81,69,16,20,28,17,20,16,17,16
Zielona Gora,Lokomotiv Kuban,Lokomotiv Kuban,75,83,15,13,23,27,19,19,18,24
Fenerbahce Ulker,Real Madrid,Fenerbahce Ulker,77,66,20,18,19,14,24,24,14,10
Khimki,Crvena Zvezda,Khimki,91,53,22,17,29,13,20,9,20,14
Barcelona,Panathinaikos,Barcelona,77,52,17,11,25,17,13,15,22,9
Limoges,Baskonia,Baskonia,71,107,12,26,22,34,21,18,16,29
Maccabi Tel Aviv,Sassari,Maccabi Tel Aviv,79,63,15,17,20,16,22,14,22,16
Anadolu Efes SK,Cedevita,Cedevita,75,81,25,21,16,15,17,18,17,27
CSKA Moscow,Bamberg,CSKA Moscow,83,77,16,15,21,13,21,21,25,28
Pinar Karsiyaka,Zalgiris Kaunas,Zalgiris Kaunas,66,68,15,23,18,15,19,20,14,10
Barcelona,Zielona Gora,Barcelona,78,72,19,20,24,17,21,20,14,15
Sassari,CSKA Moscow,CSKA Moscow,78,107,26,25,15,35,22,19,15,28
Strasbourg,Fenerbahce Ulker,Strasbourg,91,70,21,24,28,17,16,17,26,12
Baskonia,Olympiacos,Baskonia,96,89,21,18,27,21,21,24,11,17
Bamberg,Darussafaka Ct,Bamberg,86,76,20,13,16,14,31,29,19,20
Zalgiris Kaunas,Lokomotiv Kuban,Lokomotiv Kuban,74,76,31,27,9,16,17,17,17,16
Real Madrid,Crvena Zvezda,Real Madrid,98,71,22,6,34,14,26,21,16,30
Panathinaikos,Pinar Karsiyaka,Panathinaikos,85,73,30,15,17,19,17,18,21,21
Bayern,Khimki,Bayern,69,60,22,16,23,15,14,20,10,9
Maccabi Tel Aviv,Unicaja,Unicaja,82,93,21,24,26,23,16,21,19,25
Cedevita,Limoges,Limoges,80,84,19,27,13,17,22,15,26,25
Anadolu Efes SK,Olimpia Milano,Anadolu Efes SK,89,73,21,20,22,22,26,21,20,10
Limoges,Anadolu Efes SK,Anadolu Efes SK,77,89,17,30,20,17,19,21,21,21
Olimpia Milano,Baskonia,Olimpia Milano,78,76,17,23,21,13,23,10,17,30
Khimki,Real Madrid,Khimki,84,70,21,14,22,18,18,17,23,21
Zielona Gora,Zalgiris Kaunas,Zalgiris Kaunas,62,66,17,15,18,19,18,12,9,20
Fenerbahce Ulker,Bayern,Fenerbahce Ulker,74,67,10,20,20,19,22,20,22,8
Lokomotiv Kuban,Panathinaikos,Lokomotiv Kuban,81,70,17,21,28,20,18,20,18,9
Olympiacos,Cedevita,Olympiacos,76,61,21,20,17,15,19,13,19,13
Unicaja,Bamberg,Unicaja,76,71,18,18,18,16,27,15,13,22
Darussafaka Ct,Sassari,Darussafaka Ct,83,74,15,19,17,12,14,19,20,16
Crvena Zvezda,Strasbourg,Crvena Zvezda,81,59,19,20,24,12,19,16,19,11
CSKA Moscow,Maccabi Tel Aviv,CSKA Moscow,100,69,29,20,15,9,29,19,27,21
Pinar Karsiyaka,Barcelona,Pinar Karsiyaka,71,62,18,18,11,9,25,11,17,24
