teamAbbr,teamPTS,opptAbbr,opptPTS,teamRslt,teamLoc,teamPTS1,teamPTS2,teamPTS3,teamPTS4,teamPTS5,teamPTS6,teamPTS7,teamPTS8,opptPTS1,opptPTS2,opptPTS3,opptPTS4,opptPTS5,opptPTS6,opptPTS7,opptPTS8
CLE,102,BOS,99,Win,Home,29,25,18,30,0,0,0,0,19,19,33,28,0,0,0,0
GS,121,HOU,122,Loss,Home,35,36,30,20,0,0,0,0,34,28,26,34,0,0,0,0
DET,102,CHA,90,Win,Home,29,27,26,20,0,0,0,0,27,18,25,20,0,0,0,0
IND,140,BKN,131,Win,Home,29,36,41,34,0,0,0,0,30,33,35,33,0,0,0,0
ORL,116,MIA,109,Win,Home,32,26,30,28,0,0,0,0,37,18,23,31,0,0,0,0
WAS,120,PHI,115,Win,Home,32,24,34,30,0,0,0,0,23,36,23,33,0,0,0,0
BOS,100,MIL,108,Loss,Home,26,27,27,20,0,0,0,0,24,34,18,32,0,0,0,0
MEM,103,NO,91,Win,Home,27,27,25,24,0,0,0,0,34,18,18,21,0,0,0,0
DAL,111,ATL,117,Loss,Home,24,23,35,29,0,0,0,0,27,31,24,35,0,0,0,0
UTA,106,DEN,96,Win,Home,21,28,29,28,0,0,0,0,30,28,25,13,0,0,0,0
SA,107,MIN,99,Win,Home,32,21,34,20,0,0,0,0,25,24,28,22,0,0,0,0
PHO,76,POR,124,Loss,Home,21,14,20,21,0,0,0,0,29,31,38,26,0,0,0,0
SAC,100,HOU,105,Loss,Home,25,23,24,28,0,0,0,0,26,26,23,30,0,0,0,0
TOR,117,CHI,101,Win,Home,25,33,26,33,0,0,0,0,23,14,27,37,0,0,0,0
OKC,105,NY,84,Win,Home,27,26,26,26,0,0,0,0,24,18,17,25,0,0,0,0
LAL,92,LAC,108,Loss,Home,19,23,21,29,0,0,0,0,27,26,34,21,0,0,0,0
CHA,109,ATL,91,Win,Home,18,31,35,25,0,0,0,0,28,28,17,18,0,0,0,0
IND,96,POR,114,Loss,Home,25,27,21,23,0,0,0,0,31,31,29,23,0,0,0,0
MIL,97,CLE,116,Loss,Home,25,24,24,24,0,0,0,0,25,30,31,30,0,0,0,0
PHI,92,BOS,102,Loss,Home,21,29,22,20,0,0,0,0,24,22,23,33,0,0,0,0
WAS,115,DET,111,Win,Home,29,29,33,24,0,0,0,0,31,34,16,30,0,0,0,0
BKN,126,ORL,121,Win,Home,29,29,31,37,0,0,0,0,27,28,36,30,0,0,0,0
MIN,100,UTA,97,Win,Home,19,27,24,30,0,0,0,0,16,26,23,32,0,0,0,0
DAL,88,SAC,93,Loss,Home,23,23,14,28,0,0,0,0,19,27,25,22,0,0,0,0
NO,120,GS,128,Loss,Home,39,25,26,30,0,0,0,0,26,35,37,30,0,0,0,0
PHO,130,LAL,132,Loss,Home,36,37,26,31,0,0,0,0,40,30,36,26,0,0,0,0
TOR,128,PHI,94,Win,Home,36,26,40,26,0,0,0,0,19,30,22,23,0,0,0,0
CHI,77,SA,87,Loss,Home,21,17,17,22,0,0,0,0,19,22,24,22,0,0,0,0
CLE,93,ORL,114,Loss,Home,18,27,20,28,0,0,0,0,36,20,32,26,0,0,0,0
HOU,107,DAL,91,Win,Home,33,29,30,15,0,0,0,0,20,19,19,33,0,0,0,0
MEM,111,GS,101,Win,Home,31,25,32,23,0,0,0,0,26,25,20,30,0,0,0,0
MIA,112,IND,108,Win,Home,26,37,28,21,0,0,0,0,31,19,26,32,0,0,0,0
NY,107,DET,111,Loss,Home,28,36,16,27,0,0,0,0,19,32,28,32,0,0,0,0
MIL,113,POR,110,Win,Home,24,36,24,29,0,0,0,0,26,29,25,30,0,0,0,0
DEN,96,SAC,79,Win,Home,17,25,24,30,0,0,0,0,18,16,18,27,0,0,0,0
UTA,96,OKC,87,Win,Home,21,23,29,23,0,0,0,0,14,20,23,30,0,0,0,0
LAC,130,PHO,88,Win,Home,23,35,32,40,0,0,0,0,18,26,20,24,0,0,0,0
BKN,116,ATL,104,Win,Home,19,37,35,25,0,0,0,0,25,28,24,27,0,0,0,0
OKC,113,MIN,115,Loss,Home,23,31,21,38,0,0,0,0,28,33,27,27,0,0,0,0
LAL,112,NO,119,Loss,Home,22,33,28,29,0,0,0,0,34,34,26,25,0,0,0,0
DET,86,PHI,97,Loss,Home,22,21,24,19,0,0,0,0,31,25,19,22,0,0,0,0
MIA,104,ATL,93,Win,Home,26,36,15,27,0,0,0,0,23,21,29,20,0,0,0,0
HOU,90,MEM,98,Loss,Home,26,31,19,14,0,0,0,0,24,26,20,28,0,0,0,0
MIL,103,CHA,94,Win,Home,18,35,30,20,0,0,0,0,25,29,23,17,0,0,0,0
DAL,103,GS,133,Loss,Home,24,38,22,19,0,0,0,0,40,25,34,34,0,0,0,0
SA,101,TOR,97,Win,Home,21,29,25,26,0,0,0,0,23,27,24,23,0,0,0,0
DEN,104,WAS,109,Loss,Home,29,26,22,27,0,0,0,0,29,27,22,31,0,0,0,0
PHO,117,SAC,115,Win,Home,36,23,28,30,0,0,0,0,17,34,25,39,0,0,0,0
CLE,119,CHI,112,Win,Home,28,37,26,28,0,0,0,0,38,30,24,20,0,0,0,0
ORL,125,BKN,121,Win,Home,30,31,26,38,0,0,0,0,30,31,35,25,0,0,0,0
BOS,110,NY,89,Win,Home,30,24,23,33,0,0,0,0,17,16,27,29,0,0,0,0
MIN,107,IND,130,Loss,Home,20,41,23,23,0,0,0,0,33,28,37,32,0,0,0,0
POR,103,NO,93,Win,Home,29,18,24,32,0,0,0,0,19,29,25,20,0,0,0,0
LAC,102,UTA,84,Win,Home,27,15,33,27,0,0,0,0,20,21,15,28,0,0,0,0
CHA,110,DEN,93,Win,Home,27,35,23,25,0,0,0,0,23,16,29,25,0,0,0,0
DET,122,MIN,101,Win,Home,23,40,28,31,0,0,0,0,26,18,29,28,0,0,0,0
PHI,104,HOU,105,Loss,Home,33,21,26,24,0,0,0,0,31,25,23,26,0,0,0,0
BKN,112,CLE,107,Win,Home,26,29,29,28,0,0,0,0,23,29,21,34,0,0,0,0
MIA,100,SA,117,Loss,Home,30,21,22,27,0,0,0,0,30,26,32,29,0,0,0,0
OKC,114,IND,96,Win,Home,30,24,32,28,0,0,0,0,27,21,26,22,0,0,0,0
DAL,103,MEM,94,Win,Home,32,25,22,24,0,0,0,0,18,31,23,22,0,0,0,0
PHO,97,UTA,88,Win,Home,23,25,23,26,0,0,0,0,13,28,18,29,0,0,0,0
GS,117,TOR,112,Win,Home,29,32,30,26,0,0,0,0,26,27,33,26,0,0,0,0
LAL,102,WAS,99,Win,Home,23,22,24,23,10,0,0,0,18,31,30,13,7,0,0,0
CHI,91,ATL,86,Win,Home,18,19,28,26,0,0,0,0,20,19,20,27,0,0,0,0
MEM,96,DAL,91,Win,Home,28,26,22,20,0,0,0,0,14,21,33,23,0,0,0,0
MIL,89,BOS,96,Loss,Home,23,21,25,20,0,0,0,0,28,15,29,24,0,0,0,0
POR,103,LAC,104,Loss,Home,24,29,26,24,0,0,0,0,30,32,18,24,0,0,0,0
SAC,106,NO,114,Loss,Home,40,30,17,19,0,0,0,0,27,29,32,26,0,0,0,0
CHA,93,HOU,109,Loss,Home,30,16,28,19,0,0,0,0,27,29,22,31,0,0,0,0
ORL,114,SA,87,Win,Home,32,29,34,19,0,0,0,0,18,16,30,23,0,0,0,0
ATL,100,DEN,105,Loss,Home,23,29,19,29,0,0,0,0,26,27,22,30,0,0,0,0
NY,107,BKN,86,Win,Home,23,24,36,24,0,0,0,0,28,14,24,20,0,0,0,0
MIN,119,OKC,116,Win,Home,26,33,31,29,0,0,0,0,33,26,30,27,0,0,0,0
GS,120,WAS,117,Win,Home,27,26,34,33,0,0,0,0,34,33,30,20,0,0,0,0
LAL,92,TOR,101,Loss,Home,26,25,20,21,0,0,0,0,19,26,27,29,0,0,0,0
NO,123,CLE,101,Win,Home,35,30,24,34,0,0,0,0,22,30,31,18,0,0,0,0
CHI,69,OKC,101,Loss,Home,23,8,22,16,0,0,0,0,26,24,32,19,0,0,0,0
MEM,103,HOU,89,Win,Home,30,24,27,22,0,0,0,0,32,17,23,17,0,0,0,0
MIA,90,BOS,96,Loss,Home,26,19,18,27,0,0,0,0,21,26,27,22,0,0,0,0
DAL,110,PHI,112,Loss,Home,23,33,22,32,0,0,0,0,32,25,32,23,0,0,0,0
UTA,96,LAL,81,Win,Home,31,25,19,21,0,0,0,0,16,29,19,17,0,0,0,0
POR,114,PHO,107,Win,Home,29,32,31,22,0,0,0,0,24,33,32,18,0,0,0,0
LAC,87,DET,95,Loss,Home,24,31,17,15,0,0,0,0,27,18,22,28,0,0,0,0
ATL,106,MIL,117,Loss,Home,16,32,25,33,0,0,0,0,28,33,31,25,0,0,0,0
IND,97,SA,94,Win,Home,26,27,15,29,0,0,0,0,24,24,16,30,0,0,0,0
BKN,111,DEN,124,Loss,Home,36,27,21,27,0,0,0,0,29,31,40,24,0,0,0,0
CHA,120,ORL,113,Win,Home,27,34,32,27,0,0,0,0,24,25,37,27,0,0,0,0
SAC,83,WAS,110,Loss,Home,16,16,28,23,0,0,0,0,35,28,25,22,0,0,0,0
CLE,95,NY,114,Loss,Home,19,35,21,20,0,0,0,0,29,33,30,22,0,0,0,0
GS,107,DET,115,Loss,Home,35,22,24,26,0,0,0,0,27,25,30,33,0,0,0,0
BOS,108,SA,94,Win,Home,30,24,26,28,0,0,0,0,26,23,18,27,0,0,0,0
MIA,122,MIN,125,Loss,Home,32,30,20,28,12,0,0,0,23,37,19,31,15,0,0,0
NY,116,DEN,110,Win,Home,35,30,19,32,0,0,0,0,25,18,38,29,0,0,0,0
HOU,107,PHI,115,Loss,Home,27,29,24,27,0,0,0,0,37,21,34,23,0,0,0,0
MEM,99,CHA,104,Loss,Home,31,26,25,17,0,0,0,0,31,20,22,31,0,0,0,0
NO,99,ORL,115,Loss,Home,24,40,20,15,0,0,0,0,33,27,27,28,0,0,0,0
UTA,104,DAL,89,Win,Home,21,23,32,28,0,0,0,0,27,26,15,21,0,0,0,0
POR,85,TOR,99,Loss,Home,29,6,26,24,0,0,0,0,29,25,27,18,0,0,0,0
LAC,113,GS,141,Loss,Home,28,29,29,27,0,0,0,0,34,40,33,34,0,0,0,0
IND,101,SAC,83,Win,Home,24,31,14,32,0,0,0,0,13,17,18,35,0,0,0,0
BKN,114,PHO,122,Loss,Home,24,29,35,26,0,0,0,0,30,29,28,35,0,0,0,0
MIL,91,OKC,110,Loss,Home,23,19,22,27,0,0,0,0,31,29,25,25,0,0,0,0
LAL,113,DET,93,Win,Home,25,33,29,26,0,0,0,0,22,23,27,21,0,0,0,0
CHA,126,MIL,121,Win,Home,25,35,28,38,0,0,0,0,32,25,31,33,0,0,0,0
CLE,107,IND,124,Loss,Home,28,33,24,22,0,0,0,0,30,32,30,32,0,0,0,0
PHI,119,ATL,109,Win,Home,34,25,34,26,0,0,0,0,25,32,36,16,0,0,0,0
WAS,116,PHO,122,Loss,Home,32,32,26,26,0,0,0,0,15,37,35,35,0,0,0,0
BOS,113,SAC,86,Win,Home,27,31,31,24,0,0,0,0,24,21,15,26,0,0,0,0
MIA,97,CHI,91,Win,Home,27,22,18,30,0,0,0,0,17,30,17,27,0,0,0,0
MEM,99,ORL,101,Loss,Home,26,28,21,24,0,0,0,0,23,31,27,20,0,0,0,0
NO,98,MIN,104,Loss,Home,28,26,23,21,0,0,0,0,31,34,18,21,0,0,0,0
NY,97,HOU,119,Loss,Home,27,21,26,23,0,0,0,0,24,36,40,19,0,0,0,0
DEN,129,TOR,111,Win,Home,34,26,43,26,0,0,0,0,19,27,25,40,0,0,0,0
UTA,112,POR,103,Win,Home,22,17,25,30,18,0,0,0,20,19,30,25,9,0,0,0
LAC,119,DAL,98,Win,Home,32,34,29,24,0,0,0,0,29,19,29,21,0,0,0,0
SA,92,GS,112,Loss,Home,33,22,23,14,0,0,0,0,24,26,34,28,0,0,0,0
POR,113,LAL,110,Win,Home,41,25,21,26,0,0,0,0,25,37,23,25,0,0,0,0
DET,105,MIL,96,Win,Home,28,31,23,23,0,0,0,0,26,22,24,24,0,0,0,0
ORL,83,CHI,105,Loss,Home,26,19,15,23,0,0,0,0,28,16,29,32,0,0,0,0
PHI,121,IND,110,Win,Home,30,26,36,29,0,0,0,0,28,35,26,21,0,0,0,0
WAS,122,CLE,130,Loss,Home,36,30,27,29,0,0,0,0,42,32,30,26,0,0,0,0
ATL,104,HOU,119,Loss,Home,25,26,25,28,0,0,0,0,36,33,28,22,0,0,0,0
NY,120,PHO,107,Win,Home,32,33,27,28,0,0,0,0,19,31,26,31,0,0,0,0
DAL,94,NO,99,Loss,Home,25,21,17,31,0,0,0,0,28,27,20,24,0,0,0,0
SA,108,CHA,101,Win,Home,25,24,31,28,0,0,0,0,19,26,26,30,0,0,0,0
DEN,95,MIA,94,Win,Home,28,23,25,19,0,0,0,0,37,21,13,23,0,0,0,0
UTA,100,TOR,109,Loss,Home,26,28,28,18,0,0,0,0,29,24,36,20,0,0,0,0
OKC,94,BOS,101,Loss,Home,31,24,16,23,0,0,0,0,18,19,30,34,0,0,0,0
LAL,124,BKN,112,Win,Home,30,34,31,29,0,0,0,0,29,26,29,28,0,0,0,0
LAC,104,MEM,113,Loss,Home,25,31,24,24,0,0,0,0,27,33,27,26,0,0,0,0
DET,108,SAC,99,Win,Home,29,23,33,23,0,0,0,0,26,23,25,25,0,0,0,0
CHI,90,NO,96,Loss,Home,19,19,26,19,7,0,0,0,17,21,19,26,13,0,0,0
MIN,112,DAL,99,Win,Home,27,32,34,19,0,0,0,0,18,31,20,30,0,0,0,0
DEN,108,GS,127,Loss,Home,23,32,21,32,0,0,0,0,36,24,43,24,0,0,0,0
CLE,115,ATL,117,Loss,Home,28,17,33,37,0,0,0,0,37,17,37,26,0,0,0,0
LAC,101,MIA,104,Loss,Home,20,29,17,35,0,0,0,0,34,28,27,15,0,0,0,0
ORL,88,BOS,104,Loss,Home,20,18,31,19,0,0,0,0,22,27,28,27,0,0,0,0
TOR,96,WAS,107,Loss,Home,17,29,30,20,0,0,0,0,32,30,22,23,0,0,0,0
HOU,137,UTA,110,Win,Home,39,28,48,22,0,0,0,0,28,21,36,25,0,0,0,0
SA,112,PHO,95,Win,Home,28,23,34,27,0,0,0,0,20,35,13,27,0,0,0,0
NY,108,IND,101,Win,Home,25,24,23,36,0,0,0,0,33,29,22,17,0,0,0,0
MIN,112,CHA,94,Win,Home,28,40,29,15,0,0,0,0,28,23,28,15,0,0,0,0
POR,103,OKC,99,Win,Home,28,22,28,25,0,0,0,0,20,26,21,32,0,0,0,0
LAL,107,MEM,102,Win,Home,27,35,26,19,0,0,0,0,24,30,16,32,0,0,0,0
ATL,107,BOS,110,Loss,Home,25,29,21,32,0,0,0,0,26,28,28,28,0,0,0,0
PHO,92,BKN,98,Loss,Home,19,22,27,24,0,0,0,0,28,19,25,26,0,0,0,0
GS,97,MIA,80,Win,Home,22,28,25,22,0,0,0,0,21,16,20,23,0,0,0,0
CLE,124,MIL,119,Win,Home,39,26,29,30,0,0,0,0,28,39,23,29,0,0,0,0
IND,112,NO,117,Loss,Home,37,38,19,18,0,0,0,0,34,27,35,21,0,0,0,0
WAS,99,DAL,113,Loss,Home,34,19,23,23,0,0,0,0,36,28,26,23,0,0,0,0
NY,118,CHA,113,Win,Home,32,26,25,35,0,0,0,0,41,28,25,19,0,0,0,0
TOR,119,CHI,114,Win,Home,29,36,33,21,0,0,0,0,26,19,36,33,0,0,0,0
SA,120,LAC,107,Win,Home,32,20,40,28,0,0,0,0,26,29,21,31,0,0,0,0
DEN,112,BKN,104,Win,Home,28,29,36,19,0,0,0,0,21,25,27,31,0,0,0,0
UTA,97,PHI,104,Loss,Home,21,23,27,26,0,0,0,0,32,14,34,24,0,0,0,0
POR,97,MEM,98,Loss,Home,21,29,21,26,0,0,0,0,23,24,27,24,0,0,0,0
SAC,94,OKC,86,Win,Home,10,32,25,27,0,0,0,0,25,16,16,29,0,0,0,0
DET,114,IND,97,Win,Home,22,37,23,32,0,0,0,0,30,22,23,22,0,0,0,0
ORL,112,NY,99,Win,Home,27,27,30,28,0,0,0,0,28,22,26,23,0,0,0,0
BOS,107,LAL,96,Win,Home,33,28,26,20,0,0,0,0,16,36,29,15,0,0,0,0
PHO,115,MIA,126,Loss,Home,27,27,32,29,0,0,0,0,36,33,25,32,0,0,0,0
GS,125,MIN,101,Win,Home,22,29,44,30,0,0,0,0,22,28,26,25,0,0,0,0
WAS,111,LAL,95,Win,Home,37,32,22,20,0,0,0,0,34,22,21,18,0,0,0,0
TOR,122,NO,118,Win,Home,34,32,26,30,0,0,0,0,32,28,32,26,0,0,0,0
HOU,117,CLE,113,Win,Home,36,29,35,17,0,0,0,0,25,42,26,20,0,0,0,0
SAC,109,PHI,108,Win,Home,26,38,20,25,0,0,0,0,26,31,24,27,0,0,0,0
DEN,102,OKC,94,Win,Home,22,29,24,27,0,0,0,0,28,25,22,19,0,0,0,0
DET,111,ATL,104,Win,Home,26,31,19,35,0,0,0,0,22,19,28,35,0,0,0,0
BOS,90,CHA,87,Win,Home,11,30,23,26,0,0,0,0,26,31,19,11,0,0,0,0
CHI,87,IND,105,Loss,Home,16,19,26,26,0,0,0,0,27,18,35,25,0,0,0,0
OKC,120,LAC,111,Win,Home,30,33,31,26,0,0,0,0,31,24,31,25,0,0,0,0
PHO,112,ORL,128,Loss,Home,32,31,20,29,0,0,0,0,36,28,33,31,0,0,0,0
SA,87,MIL,94,Loss,Home,27,20,23,17,0,0,0,0,25,21,30,18,0,0,0,0
UTA,74,MIA,84,Loss,Home,22,27,8,17,0,0,0,0,25,12,20,27,0,0,0,0
POR,97,BKN,101,Loss,Home,28,24,18,27,0,0,0,0,21,25,31,24,0,0,0,0
NO,111,LAC,103,Win,Home,31,32,25,23,0,0,0,0,26,32,24,21,0,0,0,0
WAS,113,ATL,94,Win,Home,20,29,27,37,0,0,0,0,19,23,25,27,0,0,0,0
HOU,111,MEM,96,Win,Home,33,29,31,18,0,0,0,0,22,28,20,26,0,0,0,0
NY,118,SAC,91,Win,Home,32,32,26,28,0,0,0,0,23,26,17,25,0,0,0,0
DAL,104,CLE,111,Loss,Home,23,29,22,30,0,0,0,0,29,20,34,28,0,0,0,0
GS,135,PHI,114,Win,Home,32,33,36,34,0,0,0,0,28,36,21,29,0,0,0,0
MIL,98,LAL,90,Win,Home,24,27,26,21,0,0,0,0,17,32,18,23,0,0,0,0
SA,133,CHI,94,Win,Home,37,26,34,36,0,0,0,0,15,32,23,24,0,0,0,0
DEN,125,ORL,107,Win,Home,39,31,28,27,0,0,0,0,23,24,30,30,0,0,0,0
PHO,118,MIN,110,Win,Home,19,37,29,33,0,0,0,0,28,32,28,22,0,0,0,0
UTA,114,BKN,106,Win,Home,25,36,24,29,0,0,0,0,25,20,30,31,0,0,0,0
BOS,95,TOR,94,Win,Home,24,20,33,18,0,0,0,0,24,25,27,18,0,0,0,0
DET,112,MIA,103,Win,Home,31,24,28,29,0,0,0,0,29,29,23,22,0,0,0,0
IND,95,HOU,118,Loss,Home,18,33,20,24,0,0,0,0,35,28,24,31,0,0,0,0
OKC,112,DAL,99,Win,Home,18,26,39,29,0,0,0,0,20,22,25,32,0,0,0,0
WAS,110,SAC,92,Win,Home,25,32,29,24,0,0,0,0,32,19,20,21,0,0,0,0
NY,101,CLE,104,Loss,Home,22,29,25,25,0,0,0,0,25,13,23,43,0,0,0,0
MIL,110,MEM,103,Win,Home,34,26,24,26,0,0,0,0,29,36,12,26,0,0,0,0
NO,106,ATL,105,Win,Home,23,22,33,28,0,0,0,0,32,18,30,25,0,0,0,0
PHO,93,LAL,100,Loss,Home,20,24,29,20,0,0,0,0,21,22,31,26,0,0,0,0
UTA,98,MIN,109,Loss,Home,14,28,23,33,0,0,0,0,33,24,31,21,0,0,0,0
POR,99,DEN,82,Win,Home,25,29,30,15,0,0,0,0,21,28,17,16,0,0,0,0
GS,110,ORL,100,Win,Home,27,29,32,22,0,0,0,0,29,27,19,25,0,0,0,0
LAC,105,PHI,109,Loss,Home,28,25,26,26,0,0,0,0,36,19,22,32,0,0,0,0
BKN,102,BOS,109,Loss,Home,21,31,19,31,0,0,0,0,30,22,28,29,0,0,0,0
HOU,113,TOR,129,Loss,Home,33,31,30,19,0,0,0,0,31,45,27,26,0,0,0,0
DAL,91,SA,97,Loss,Home,16,23,21,31,0,0,0,0,17,27,18,35,0,0,0,0
ATL,126,SAC,80,Win,Home,24,40,28,34,0,0,0,0,16,19,26,19,0,0,0,0
MIA,93,WAS,102,Loss,Home,19,30,25,19,0,0,0,0,30,31,10,31,0,0,0,0
NY,106,UTA,101,Win,Home,27,23,27,29,0,0,0,0,30,30,22,19,0,0,0,0
CHA,107,CLE,115,Loss,Home,30,37,17,23,0,0,0,0,36,25,27,27,0,0,0,0
MEM,113,IND,116,Loss,Home,25,28,31,29,0,0,0,0,34,33,30,19,0,0,0,0
MIL,99,DET,95,Win,Home,26,15,34,24,0,0,0,0,23,18,21,33,0,0,0,0
MIN,98,SA,86,Win,Home,18,39,18,23,0,0,0,0,24,19,22,21,0,0,0,0
NO,116,TOR,125,Loss,Home,34,29,23,30,0,0,0,0,29,35,34,27,0,0,0,0
OKC,92,CHI,79,Win,Home,27,31,19,15,0,0,0,0,7,27,22,23,0,0,0,0
POR,99,ORL,94,Win,Home,24,27,24,24,0,0,0,0,33,14,24,23,0,0,0,0
LAL,109,PHI,115,Loss,Home,26,28,30,25,0,0,0,0,29,29,25,32,0,0,0,0
BOS,92,GS,88,Win,Home,18,24,26,24,0,0,0,0,28,19,21,20,0,0,0,0
PHO,116,HOU,142,Loss,Home,23,42,26,25,0,0,0,0,45,45,30,22,0,0,0,0
IND,107,DET,100,Win,Home,23,24,24,36,0,0,0,0,32,26,23,19,0,0,0,0
WAS,88,MIA,91,Loss,Home,17,12,28,31,0,0,0,0,26,24,16,25,0,0,0,0
BKN,118,UTA,107,Win,Home,39,26,24,29,0,0,0,0,25,24,31,27,0,0,0,0
CLE,118,LAC,113,Win,Home,24,32,22,27,13,0,0,0,27,29,25,24,8,0,0,0
TOR,107,NY,84,Win,Home,30,24,24,29,0,0,0,0,18,18,28,20,0,0,0,0
CHI,123,CHA,120,Win,Home,26,34,23,40,0,0,0,0,27,33,32,28,0,0,0,0
SA,104,OKC,101,Win,Home,15,33,30,26,0,0,0,0,32,23,23,23,0,0,0,0
DAL,87,MIN,111,Loss,Home,29,26,17,15,0,0,0,0,24,19,31,37,0,0,0,0
SAC,86,POR,82,Win,Home,19,23,18,26,0,0,0,0,20,21,19,22,0,0,0,0
DEN,146,NO,114,Win,Home,37,27,42,40,0,0,0,0,19,37,24,34,0,0,0,0
LAL,113,PHO,122,Loss,Home,28,25,29,31,0,0,0,0,29,36,24,33,0,0,0,0
CHA,102,LAC,87,Win,Home,25,30,18,29,0,0,0,0,24,22,25,16,0,0,0,0
ORL,85,UTA,125,Loss,Home,26,22,19,18,0,0,0,0,29,34,34,28,0,0,0,0
ATL,99,BOS,110,Loss,Home,35,15,27,22,0,0,0,0,20,24,36,30,0,0,0,0
PHI,116,GS,124,Loss,Home,47,27,15,27,0,0,0,0,28,24,47,25,0,0,0,0
MEM,83,HOU,105,Loss,Home,25,25,17,16,0,0,0,0,33,26,23,23,0,0,0,0
DAL,111,MIL,79,Win,Home,33,23,26,29,0,0,0,0,24,20,17,18,0,0,0,0
POR,102,SAC,90,Win,Home,21,32,27,22,0,0,0,0,20,21,22,27,0,0,0,0
MIA,95,IND,120,Loss,Home,27,28,13,27,0,0,0,0,29,29,32,30,0,0,0,0
BKN,111,GS,118,Loss,Home,20,22,42,27,0,0,0,0,32,32,34,20,0,0,0,0
TOR,100,WAS,91,Win,Home,28,32,19,21,0,0,0,0,28,27,21,15,0,0,0,0
MIN,97,DET,100,Loss,Home,24,29,27,17,0,0,0,0,22,27,22,29,0,0,0,0
PHO,113,CHI,105,Win,Home,30,31,24,28,0,0,0,0,37,19,28,21,0,0,0,0
LAL,127,DEN,109,Win,Home,32,38,29,28,0,0,0,0,26,22,36,25,0,0,0,0
CHA,118,MIN,102,Win,Home,26,29,29,34,0,0,0,0,24,28,28,22,0,0,0,0
DET,88,CLE,116,Loss,Home,23,23,16,26,0,0,0,0,36,37,28,15,0,0,0,0
ORL,97,IND,105,Loss,Home,31,24,17,25,0,0,0,0,34,16,28,27,0,0,0,0
PHI,107,UTA,86,Win,Home,25,22,28,32,0,0,0,0,15,21,27,23,0,0,0,0
NY,107,LAC,85,Win,Home,20,36,27,24,0,0,0,0,20,24,24,17,0,0,0,0
MEM,92,POR,100,Loss,Home,24,22,25,21,0,0,0,0,23,32,17,28,0,0,0,0
MIL,88,WAS,99,Loss,Home,19,27,20,22,0,0,0,0,27,20,26,26,0,0,0,0
NO,114,OKC,107,Win,Home,24,33,30,27,0,0,0,0,33,32,21,21,0,0,0,0
DAL,102,BOS,110,Loss,Home,22,27,28,19,6,0,0,0,34,19,16,27,14,0,0,0
SA,96,ATL,85,Win,Home,24,22,24,26,0,0,0,0,22,16,27,20,0,0,0,0
SAC,98,DEN,114,Loss,Home,22,25,23,28,0,0,0,0,22,25,34,33,0,0,0,0
LAL,103,CHI,94,Win,Home,23,19,30,31,0,0,0,0,27,29,19,19,0,0,0,0
CHA,129,WAS,124,Win,Home,25,30,29,30,15,0,0,0,26,33,29,26,10,0,0,0
CLE,119,BKN,109,Win,Home,20,25,32,42,0,0,0,0,17,29,31,32,0,0,0,0
PHI,101,POR,81,Win,Home,26,24,20,31,0,0,0,0,14,23,20,24,0,0,0,0
ATL,103,LAC,116,Loss,Home,30,33,21,19,0,0,0,0,29,33,26,28,0,0,0,0
MIA,104,BOS,98,Win,Home,27,27,25,25,0,0,0,0,16,25,22,35,0,0,0,0
NY,108,TOR,100,Win,Home,26,22,41,19,0,0,0,0,34,25,10,31,0,0,0,0
HOU,125,DEN,95,Win,Home,36,39,26,24,0,0,0,0,17,23,27,28,0,0,0,0
MEM,94,DAL,95,Loss,Home,27,29,16,22,0,0,0,0,12,27,35,21,0,0,0,0
MIN,124,ORL,118,Win,Home,30,35,41,18,0,0,0,0,35,27,18,38,0,0,0,0
NO,107,SA,90,Win,Home,19,31,37,20,0,0,0,0,29,13,17,31,0,0,0,0
OKC,108,GS,91,Win,Home,33,32,29,14,0,0,0,0,26,22,23,20,0,0,0,0
PHO,107,MIL,113,Loss,Home,23,21,31,30,2,0,0,0,33,21,30,21,8,0,0,0
UTA,110,CHI,80,Win,Home,25,30,32,23,0,0,0,0,24,22,23,11,0,0,0,0
SAC,113,LAL,102,Win,Home,31,23,22,37,0,0,0,0,19,22,26,35,0,0,0,0
ATL,116,NY,104,Win,Home,24,35,30,27,0,0,0,0,39,28,19,18,0,0,0,0
BOS,118,ORL,103,Win,Home,40,33,26,19,0,0,0,0,26,21,22,34,0,0,0,0
CLE,100,CHA,99,Win,Home,27,27,29,17,0,0,0,0,28,29,25,17,0,0,0,0
IND,107,TOR,104,Win,Home,29,21,31,26,0,0,0,0,25,35,20,24,0,0,0,0
MIN,97,MIA,109,Loss,Home,24,24,22,27,0,0,0,0,28,30,23,28,0,0,0,0
OKC,98,DET,99,Loss,Home,29,30,18,21,0,0,0,0,25,24,24,26,0,0,0,0
DEN,104,MEM,92,Win,Home,27,34,15,28,0,0,0,0,18,27,29,18,0,0,0,0
PHO,91,NO,115,Loss,Home,21,21,20,29,0,0,0,0,33,39,22,21,0,0,0,0
BKN,125,POR,127,Loss,Home,32,21,39,33,0,0,0,0,23,28,41,35,0,0,0,0
GS,143,CHI,94,Win,Home,29,45,36,33,0,0,0,0,32,21,13,28,0,0,0,0
CHA,86,SA,106,Loss,Home,15,14,29,28,0,0,0,0,14,26,32,34,0,0,0,0
PHI,130,ORL,111,Win,Home,31,39,31,29,0,0,0,0,28,27,30,26,0,0,0,0
WAS,105,POR,108,Loss,Home,30,22,31,22,0,0,0,0,27,14,32,35,0,0,0,0
ATL,78,TOR,112,Loss,Home,25,14,19,20,0,0,0,0,28,39,32,13,0,0,0,0
HOU,117,NY,102,Win,Home,29,29,37,22,0,0,0,0,39,22,13,28,0,0,0,0
IND,98,BOS,108,Loss,Home,32,22,16,28,0,0,0,0,27,18,37,26,0,0,0,0
DAL,97,OKC,81,Win,Home,25,27,26,19,0,0,0,0,24,13,18,26,0,0,0,0
GS,110,NO,95,Win,Home,17,36,31,26,0,0,0,0,31,22,22,20,0,0,0,0
UTA,121,MIL,108,Win,Home,31,33,31,26,0,0,0,0,30,27,28,23,0,0,0,0
SAC,95,LAC,97,Loss,Home,31,30,10,24,0,0,0,0,25,22,29,21,0,0,0,0
CHI,93,MIA,100,Loss,Home,13,29,19,32,0,0,0,0,7,38,19,36,0,0,0,0
MIN,119,PHO,108,Win,Home,33,30,30,26,0,0,0,0,27,31,22,28,0,0,0,0
MEM,88,BKN,98,Loss,Home,22,25,18,23,0,0,0,0,19,28,32,19,0,0,0,0
IND,121,ORL,109,Win,Home,33,24,28,36,0,0,0,0,25,25,34,25,0,0,0,0
PHI,91,CLE,113,Loss,Home,22,23,28,18,0,0,0,0,29,24,33,27,0,0,0,0
BOS,108,DET,118,Loss,Home,23,34,29,22,0,0,0,0,31,29,26,32,0,0,0,0
NY,91,POR,103,Loss,Home,23,14,27,27,0,0,0,0,30,23,37,13,0,0,0,0
HOU,117,BKN,103,Win,Home,43,23,30,21,0,0,0,0,26,29,25,23,0,0,0,0
SA,115,DAL,108,Win,Home,21,25,31,38,0,0,0,0,23,30,22,33,0,0,0,0
GS,106,SAC,110,Loss,Home,27,28,27,24,0,0,0,0,27,26,30,27,0,0,0,0
LAC,120,LAL,115,Win,Home,34,26,27,33,0,0,0,0,32,30,27,26,0,0,0,0
CLE,108,MIA,97,Win,Home,35,40,18,15,0,0,0,0,24,25,25,23,0,0,0,0
CHI,99,PHO,104,Loss,Home,29,14,27,29,0,0,0,0,28,18,27,31,0,0,0,0
MIN,89,WAS,92,Loss,Home,30,21,20,18,0,0,0,0,23,20,25,24,0,0,0,0
SAC,87,MIL,112,Loss,Home,26,11,22,28,0,0,0,0,32,29,31,20,0,0,0,0
UTA,106,DEN,77,Win,Home,26,22,28,30,0,0,0,0,24,25,17,11,0,0,0,0
DET,131,PHO,107,Win,Home,36,33,35,27,0,0,0,0,19,22,29,37,0,0,0,0
ORL,121,OKC,108,Win,Home,31,28,28,34,0,0,0,0,25,32,23,28,0,0,0,0
PHI,118,WAS,113,Win,Home,28,30,26,34,0,0,0,0,18,22,25,48,0,0,0,0
NY,115,MIA,86,Win,Home,33,32,23,27,0,0,0,0,22,22,20,22,0,0,0,0
TOR,126,CHA,113,Win,Home,32,39,22,33,0,0,0,0,25,27,33,28,0,0,0,0
HOU,118,IND,97,Win,Home,22,32,35,29,0,0,0,0,27,22,22,26,0,0,0,0
NO,102,MIN,120,Loss,Home,29,20,27,26,0,0,0,0,28,34,31,27,0,0,0,0
DAL,104,BKN,109,Loss,Home,27,20,29,28,0,0,0,0,21,27,32,29,0,0,0,0
SA,104,MEM,95,Win,Home,28,30,21,25,0,0,0,0,21,28,24,22,0,0,0,0
LAL,123,GS,127,Loss,Home,20,34,30,25,14,0,0,0,30,20,34,25,18,0,0,0
ATL,114,CLE,121,Loss,Home,35,32,23,24,0,0,0,0,42,21,36,22,0,0,0,0
BOS,108,PHI,97,Win,Home,28,26,22,32,0,0,0,0,22,22,27,26,0,0,0,0
DEN,111,CHI,110,Win,Home,30,32,29,20,0,0,0,0,39,29,24,18,0,0,0,0
POR,91,MIL,103,Loss,Home,21,24,21,25,0,0,0,0,33,27,27,16,0,0,0,0
LAC,107,UTA,126,Loss,Home,27,34,26,20,0,0,0,0,26,35,33,32,0,0,0,0
ORL,112,GS,133,Loss,Home,34,29,28,21,0,0,0,0,41,37,24,31,0,0,0,0
WAS,109,DET,91,Win,Home,26,20,35,28,0,0,0,0,26,26,15,24,0,0,0,0
TOR,120,IND,115,Win,Home,27,38,29,26,0,0,0,0,32,26,31,26,0,0,0,0
CHI,106,SAC,107,Loss,Home,31,29,21,25,0,0,0,0,29,32,21,25,0,0,0,0
MEM,79,SA,95,Loss,Home,18,20,21,20,0,0,0,0,24,23,21,27,0,0,0,0
MIA,105,CHA,100,Win,Home,22,28,29,26,0,0,0,0,30,19,26,25,0,0,0,0
OKC,111,MIN,107,Win,Home,42,22,21,26,0,0,0,0,33,21,25,28,0,0,0,0
UTA,114,NO,108,Win,Home,27,16,37,34,0,0,0,0,29,26,29,24,0,0,0,0
BOS,116,PHO,111,Win,Home,31,29,29,27,0,0,0,0,22,32,25,32,0,0,0,0
DAL,108,LAC,82,Win,Home,24,35,27,22,0,0,0,0,17,21,28,16,0,0,0,0
BKN,102,ATL,114,Loss,Home,22,23,30,27,0,0,0,0,25,29,27,33,0,0,0,0
CLE,116,MEM,111,Win,Home,28,38,27,23,0,0,0,0,32,20,30,29,0,0,0,0
PHI,108,DET,103,Win,Home,32,31,17,28,0,0,0,0,25,22,33,23,0,0,0,0
MIL,109,SAC,104,Win,Home,33,30,25,21,0,0,0,0,25,27,24,28,0,0,0,0
DEN,115,LAL,100,Win,Home,34,21,23,37,0,0,0,0,29,30,21,20,0,0,0,0
POR,116,NO,123,Loss,Home,33,24,25,34,0,0,0,0,26,34,38,25,0,0,0,0
NY,100,ORL,105,Loss,Home,25,26,25,24,0,0,0,0,36,18,24,27,0,0,0,0
MIA,95,GS,123,Loss,Home,36,24,17,18,0,0,0,0,33,29,37,24,0,0,0,0
MIN,112,LAC,106,Win,Home,31,29,18,34,0,0,0,0,27,28,21,30,0,0,0,0
OKC,90,SA,87,Win,Home,25,29,22,14,0,0,0,0,18,25,30,14,0,0,0,0
LAL,95,HOU,118,Loss,Home,27,19,27,22,0,0,0,0,27,34,24,33,0,0,0,0
CHA,104,ORL,94,Win,Home,26,28,21,29,0,0,0,0,23,22,29,20,0,0,0,0
IND,115,NY,97,Win,Home,31,35,29,20,0,0,0,0,19,21,25,32,0,0,0,0
PHI,101,PHO,115,Loss,Home,28,19,32,22,0,0,0,0,28,32,29,26,0,0,0,0
ATL,90,BKN,110,Loss,Home,32,22,15,21,0,0,0,0,33,20,31,26,0,0,0,0
BOS,111,MIL,100,Win,Home,34,28,26,23,0,0,0,0,26,23,32,19,0,0,0,0
CHI,91,CLE,113,Loss,Home,22,23,26,20,0,0,0,0,29,32,25,27,0,0,0,0
MEM,95,MIN,92,Win,Home,29,27,20,19,0,0,0,0,26,27,22,17,0,0,0,0
NO,115,GS,125,Loss,Home,33,36,22,24,0,0,0,0,26,23,39,37,0,0,0,0
DAL,122,DEN,105,Win,Home,39,25,29,29,0,0,0,0,23,24,35,23,0,0,0,0
SA,96,DET,93,Win,Home,28,22,19,27,0,0,0,0,29,24,20,20,0,0,0,0
UTA,116,WAS,69,Win,Home,29,35,24,28,0,0,0,0,15,15,22,17,0,0,0,0
TOR,126,PHO,113,Win,Home,36,19,42,29,0,0,0,0,23,23,33,34,0,0,0,0
OKC,100,UTA,94,Win,Home,19,20,29,32,0,0,0,0,28,19,33,14,0,0,0,0
POR,92,WAS,106,Loss,Home,22,15,29,26,0,0,0,0,24,27,28,27,0,0,0,0
CLE,101,SAC,95,Win,Home,19,29,25,28,0,0,0,0,22,35,21,17,0,0,0,0
IND,98,CHI,96,Win,Home,20,19,30,29,0,0,0,0,30,25,28,13,0,0,0,0
ORL,110,ATL,106,Win,Home,31,13,30,22,14,0,0,0,23,29,27,17,10,0,0,0
BOS,97,DAL,90,Win,Home,24,23,23,27,0,0,0,0,26,31,16,17,0,0,0,0
NY,99,MEM,88,Win,Home,23,26,27,23,0,0,0,0,32,17,18,21,0,0,0,0
CHA,87,GS,101,Loss,Home,18,20,30,19,0,0,0,0,26,27,26,22,0,0,0,0
MIL,104,DET,100,Win,Home,30,30,16,28,0,0,0,0,27,24,25,24,0,0,0,0
NO,123,DEN,114,Win,Home,33,34,30,26,0,0,0,0,33,33,25,23,0,0,0,0
SA,117,MIA,105,Win,Home,27,30,29,31,0,0,0,0,35,23,24,23,0,0,0,0
LAC,107,MIN,113,Loss,Home,22,27,31,27,0,0,0,0,29,33,26,25,0,0,0,0
PHI,104,LAL,107,Loss,Home,25,24,21,34,0,0,0,0,32,25,22,28,0,0,0,0
PHO,99,WAS,109,Loss,Home,28,24,32,15,0,0,0,0,26,31,28,24,0,0,0,0
BKN,100,OKC,95,Win,Home,20,29,25,26,0,0,0,0,33,25,21,16,0,0,0,0
UTA,101,HOU,112,Loss,Home,20,26,20,35,0,0,0,0,25,26,37,24,0,0,0,0
CHA,111,CHI,119,Loss,Home,25,27,27,27,5,0,0,0,31,21,23,31,13,0,0,0
DET,98,GS,102,Loss,Home,24,26,17,31,0,0,0,0,30,16,31,25,0,0,0,0
IND,106,CLE,102,Win,Home,32,25,32,17,0,0,0,0,33,30,23,16,0,0,0,0
ORL,89,DEN,103,Loss,Home,25,23,22,19,0,0,0,0,14,35,32,22,0,0,0,0
MEM,107,TOR,116,Loss,Home,34,28,31,14,0,0,0,0,25,32,35,24,0,0,0,0
MIL,109,DAL,102,Win,Home,22,27,28,32,0,0,0,0,25,29,24,24,0,0,0,0
NO,109,SAC,116,Loss,Home,25,28,29,20,7,0,0,0,24,23,30,25,14,0,0,0
SA,105,BOS,102,Win,Home,26,30,21,28,0,0,0,0,31,24,27,20,0,0,0,0
LAC,113,WAS,112,Win,Home,30,32,23,28,0,0,0,0,27,22,32,31,0,0,0,0
BKN,89,MIA,101,Loss,Home,26,27,19,17,0,0,0,0,24,26,25,26,0,0,0,0
CHA,99,LAL,110,Loss,Home,29,27,19,24,0,0,0,0,28,24,24,34,0,0,0,0
ATL,117,ORL,110,Win,Home,32,25,32,28,0,0,0,0,22,32,33,23,0,0,0,0
CHI,104,NY,102,Win,Home,27,22,19,36,0,0,0,0,18,26,26,32,0,0,0,0
CLE,105,PHI,98,Win,Home,23,29,26,27,0,0,0,0,24,22,27,25,0,0,0,0
MIL,117,UTA,100,Win,Home,29,22,32,34,0,0,0,0,19,23,24,34,0,0,0,0
MEM,101,OKC,102,Loss,Home,34,23,9,26,9,0,0,0,19,27,21,25,10,0,0,0
PHO,101,SA,104,Loss,Home,17,22,32,30,0,0,0,0,28,24,27,25,0,0,0,0
POR,117,HOU,124,Loss,Home,37,25,36,19,0,0,0,0,31,31,22,40,0,0,0,0
SAC,87,TOR,102,Loss,Home,17,29,21,20,0,0,0,0,22,32,25,23,0,0,0,0
DET,81,BOS,91,Loss,Home,21,16,22,22,0,0,0,0,29,15,29,18,0,0,0,0
IND,126,DEN,116,Win,Home,22,37,31,24,12,0,0,0,35,31,22,26,2,0,0,0
MIN,97,DAL,92,Win,Home,23,24,24,26,0,0,0,0,24,24,21,23,0,0,0,0
NO,131,PHI,124,Win,Home,32,34,21,44,0,0,0,0,26,29,40,29,0,0,0,0
NY,111,ATL,107,Win,Home,24,27,25,35,0,0,0,0,21,31,23,32,0,0,0,0
CHI,108,BOS,85,Win,Home,28,28,22,30,0,0,0,0,29,13,21,22,0,0,0,0
HOU,130,NO,123,Win,Home,35,43,18,34,0,0,0,0,41,35,27,20,0,0,0,0
MEM,82,MIA,107,Loss,Home,23,19,18,22,0,0,0,0,21,24,25,37,0,0,0,0
OKC,103,CHA,116,Loss,Home,26,26,22,29,0,0,0,0,34,18,40,24,0,0,0,0
GS,111,POR,104,Win,Home,27,33,33,18,0,0,0,0,28,19,28,29,0,0,0,0
LAC,96,TOR,91,Win,Home,19,32,19,26,0,0,0,0,30,23,21,17,0,0,0,0
CLE,123,ATL,114,Win,Home,31,31,32,29,0,0,0,0,31,17,29,37,0,0,0,0
DET,84,DEN,103,Loss,Home,18,22,20,24,0,0,0,0,26,23,31,23,0,0,0,0
NY,113,LAL,109,Win,Home,25,25,26,23,14,0,0,0,29,22,28,20,10,0,0,0
BKN,103,WAS,98,Win,Home,30,21,28,24,0,0,0,0,22,29,27,20,0,0,0,0
MIN,112,PHI,118,Loss,Home,27,24,25,24,12,0,0,0,20,28,26,26,18,0,0,0
DAL,95,SA,89,Win,Home,30,16,21,28,0,0,0,0,23,21,25,20,0,0,0,0
SAC,99,PHO,92,Win,Home,21,28,25,25,0,0,0,0,23,28,23,18,0,0,0,0
IND,95,OKC,100,Loss,Home,27,19,23,26,0,0,0,0,22,29,22,27,0,0,0,0
ORL,95,LAC,106,Loss,Home,24,16,28,27,0,0,0,0,13,32,29,32,0,0,0,0
WAS,93,MEM,87,Win,Home,22,19,19,33,0,0,0,0,12,17,28,30,0,0,0,0
BOS,124,DEN,118,Win,Home,30,38,29,27,0,0,0,0,31,28,33,26,0,0,0,0
MIA,95,POR,102,Loss,Home,33,27,19,16,0,0,0,0,21,29,20,32,0,0,0,0
CHI,103,UTA,100,Win,Home,30,19,28,26,0,0,0,0,24,24,26,26,0,0,0,0
NO,115,MIL,108,Win,Home,32,30,25,28,0,0,0,0,37,26,22,23,0,0,0,0
PHO,109,TOR,115,Loss,Home,31,21,27,30,0,0,0,0,37,21,34,23,0,0,0,0
HOU,108,CHA,96,Win,Home,38,25,28,17,0,0,0,0,23,26,20,27,0,0,0,0
ATL,91,DET,105,Loss,Home,31,15,18,27,0,0,0,0,30,29,26,20,0,0,0,0
BKN,104,NY,111,Loss,Home,26,24,32,22,0,0,0,0,32,31,24,24,0,0,0,0
CLE,121,LAL,112,Win,Home,24,39,31,27,0,0,0,0,26,34,26,26,0,0,0,0
MIN,119,SAC,96,Win,Home,32,32,31,24,0,0,0,0,22,33,16,25,0,0,0,0
GS,112,DAL,97,Win,Home,24,24,32,32,0,0,0,0,28,20,25,24,0,0,0,0
CHA,98,MIA,104,Loss,Home,19,28,24,27,0,0,0,0,24,29,26,25,0,0,0,0
IND,98,DET,104,Loss,Home,19,35,20,24,0,0,0,0,27,25,34,18,0,0,0,0
ORL,88,POR,95,Loss,Home,20,23,23,22,0,0,0,0,24,26,25,20,0,0,0,0
PHI,117,OKC,119,Loss,Home,23,24,30,17,8,9,6,0,28,27,26,13,8,9,8,0
WAS,100,LAC,91,Win,Home,25,23,27,25,0,0,0,0,18,25,21,27,0,0,0,0
BOS,95,UTA,107,Loss,Home,26,13,28,28,0,0,0,0,21,25,33,28,0,0,0,0
TOR,120,BKN,87,Win,Home,30,28,33,29,0,0,0,0,20,24,20,23,0,0,0,0
MEM,96,ATL,94,Win,Home,17,23,32,24,0,0,0,0,21,26,26,21,0,0,0,0
MIL,109,CHI,115,Loss,Home,30,28,24,27,0,0,0,0,33,26,23,33,0,0,0,0
DEN,117,NO,111,Win,Home,20,26,30,28,13,0,0,0,33,25,28,18,7,0,0,0
HOU,124,SA,109,Win,Home,31,29,32,32,0,0,0,0,16,27,29,37,0,0,0,0
CHA,91,POR,93,Loss,Home,20,17,30,24,0,0,0,0,24,25,25,19,0,0,0,0
CLE,109,UTA,100,Win,Home,23,28,29,29,0,0,0,0,24,24,25,27,0,0,0,0
NY,111,OKC,96,Win,Home,23,27,30,31,0,0,0,0,26,18,29,23,0,0,0,0
HOU,115,MIL,111,Win,Home,28,27,29,31,0,0,0,0,25,30,24,32,0,0,0,0
MIA,90,LAC,85,Win,Home,24,22,23,21,0,0,0,0,17,23,25,20,0,0,0,0
MIN,106,PHO,108,Loss,Home,25,25,31,25,0,0,0,0,22,20,35,31,0,0,0,0
SA,98,DAL,96,Win,Home,18,25,28,27,0,0,0,0,31,22,27,16,0,0,0,0
MEM,93,BOS,102,Loss,Home,12,28,33,20,0,0,0,0,31,17,23,31,0,0,0,0
TOR,108,SAC,93,Win,Home,35,26,22,25,0,0,0,0,30,33,14,16,0,0,0,0
DET,114,ORL,110,Win,Home,36,24,36,18,0,0,0,0,23,20,36,31,0,0,0,0
BKN,97,IND,109,Loss,Home,29,19,24,25,0,0,0,0,28,31,21,29,0,0,0,0
WAS,99,CLE,106,Loss,Home,23,37,23,16,0,0,0,0,27,33,23,23,0,0,0,0
CHA,109,NY,91,Win,Home,29,31,28,21,0,0,0,0,23,19,22,27,0,0,0,0
IND,111,BOS,112,Loss,Home,21,26,31,33,0,0,0,0,38,24,23,27,0,0,0,0
ATL,110,MIA,104,Win,Home,29,29,29,23,0,0,0,0,30,27,19,28,0,0,0,0
CHI,117,PHI,115,Win,Home,30,37,22,28,0,0,0,0,25,34,28,28,0,0,0,0
HOU,120,UTA,99,Win,Home,25,26,28,41,0,0,0,0,26,24,34,15,0,0,0,0
MIN,108,POR,107,Win,Home,24,27,25,32,0,0,0,0,24,30,31,22,0,0,0,0
OKC,95,DEN,94,Win,Home,32,20,18,25,0,0,0,0,18,26,32,18,0,0,0,0
DAL,91,PHO,97,Loss,Home,22,28,25,16,0,0,0,0,25,24,19,29,0,0,0,0
SA,109,LAC,91,Win,Home,31,26,28,24,0,0,0,0,17,32,21,21,0,0,0,0
LAL,114,GS,116,Loss,Home,24,29,29,20,12,0,0,0,32,25,26,19,14,0,0,0
PHI,95,SAC,101,Loss,Home,27,30,21,17,0,0,0,0,30,18,23,30,0,0,0,0
WAS,116,NO,106,Win,Home,36,25,32,23,0,0,0,0,19,36,15,36,0,0,0,0
MIL,119,CLE,116,Win,Home,30,39,29,21,0,0,0,0,34,24,25,33,0,0,0,0
CHA,111,TOR,129,Loss,Home,26,21,32,32,0,0,0,0,22,41,36,30,0,0,0,0
ATL,95,IND,105,Loss,Home,27,24,20,24,0,0,0,0,28,25,25,27,0,0,0,0
BOS,89,MIA,90,Loss,Home,24,20,15,30,0,0,0,0,15,21,26,28,0,0,0,0
BKN,99,SAC,104,Loss,Home,20,28,27,24,0,0,0,0,36,28,22,18,0,0,0,0
CHI,112,ORL,94,Win,Home,31,28,31,22,0,0,0,0,24,24,18,28,0,0,0,0
HOU,116,LAL,122,Loss,Home,22,37,30,27,0,0,0,0,37,26,31,28,0,0,0,0
OKC,107,UTA,79,Win,Home,25,28,34,20,0,0,0,0,9,28,23,19,0,0,0,0
DAL,110,DET,93,Win,Home,22,43,24,21,0,0,0,0,25,28,13,27,0,0,0,0
DEN,104,MIN,112,Loss,Home,24,28,32,20,0,0,0,0,17,33,30,32,0,0,0,0
POR,91,SA,93,Loss,Home,22,24,26,19,0,0,0,0,25,29,20,19,0,0,0,0
GS,97,MEM,84,Win,Home,24,32,18,23,0,0,0,0,28,23,14,19,0,0,0,0
LAC,108,PHO,95,Win,Home,23,30,28,27,0,0,0,0,15,20,31,29,0,0,0,0
CLE,115,CHI,112,Win,Home,29,29,24,33,0,0,0,0,27,29,23,33,0,0,0,0
PHI,109,TOR,114,Loss,Home,31,34,23,21,0,0,0,0,30,22,34,28,0,0,0,0
NY,102,BOS,93,Win,Home,25,19,24,34,0,0,0,0,15,25,28,25,0,0,0,0
PHO,97,MEM,95,Win,Home,26,34,19,18,0,0,0,0,25,26,30,14,0,0,0,0
UTA,100,SA,89,Win,Home,24,26,22,28,0,0,0,0,17,21,32,19,0,0,0,0
DET,104,NY,101,Win,Home,25,27,22,30,0,0,0,0,21,23,31,26,0,0,0,0
ORL,97,NO,111,Loss,Home,20,30,22,25,0,0,0,0,32,28,28,23,0,0,0,0
BKN,119,WAS,84,Win,Home,26,27,35,31,0,0,0,0,23,20,18,23,0,0,0,0
HOU,118,LAC,128,Loss,Home,33,32,20,33,0,0,0,0,23,29,35,41,0,0,0,0
MIA,113,DAL,101,Win,Home,32,21,29,31,0,0,0,0,23,30,20,28,0,0,0,0
MIL,109,CHA,104,Win,Home,26,26,31,26,0,0,0,0,23,36,26,19,0,0,0,0
OKC,120,ATL,117,Win,Home,28,36,18,38,0,0,0,0,28,22,31,36,0,0,0,0
POR,85,DEN,102,Loss,Home,22,19,25,19,0,0,0,0,28,24,28,22,0,0,0,0
GS,113,LAL,106,Win,Home,27,34,23,29,0,0,0,0,24,20,28,34,0,0,0,0
TOR,102,PHI,86,Win,Home,27,28,26,21,0,0,0,0,27,19,17,23,0,0,0,0
CHA,111,MIL,106,Win,Home,24,29,28,30,0,0,0,0,23,31,31,21,0,0,0,0
IND,123,BKN,119,Win,Home,21,20,39,31,12,0,0,0,28,29,24,30,8,0,0,0
WAS,130,ORL,103,Win,Home,37,35,28,30,0,0,0,0,29,19,35,20,0,0,0,0
ATL,112,DAL,107,Win,Home,25,23,31,33,0,0,0,0,25,28,27,27,0,0,0,0
BOS,117,CHI,92,Win,Home,33,27,38,19,0,0,0,0,31,27,18,16,0,0,0,0
MEM,115,LAC,112,Win,Home,30,33,27,25,0,0,0,0,33,26,22,31,0,0,0,0
MIA,94,NO,109,Loss,Home,28,25,16,25,0,0,0,0,27,29,27,26,0,0,0,0
UTA,89,OKC,103,Loss,Home,22,21,21,25,0,0,0,0,28,19,29,27,0,0,0,0
GS,81,DEN,96,Loss,Home,20,21,21,19,0,0,0,0,22,31,20,23,0,0,0,0
PHO,106,MIN,115,Loss,Home,24,19,37,26,0,0,0,0,33,31,22,29,0,0,0,0
LAL,92,POR,95,Loss,Home,24,25,21,22,0,0,0,0,17,27,26,25,0,0,0,0
SAC,99,SA,108,Loss,Home,33,16,27,23,0,0,0,0,33,29,22,24,0,0,0,0
GS,99,CLE,92,Win,Home,24,22,25,28,0,0,0,0,28,16,23,25,0,0,0,0
BOS,103,WAS,111,Loss,Home,24,26,26,27,0,0,0,0,30,22,28,31,0,0,0,0
OKC,112,HOU,107,Win,Home,28,30,30,24,0,0,0,0,31,26,31,19,0,0,0,0
NY,98,PHI,105,Loss,Home,24,24,27,23,0,0,0,0,21,29,29,26,0,0,0,0
LAL,104,MIN,121,Loss,Home,20,32,28,24,0,0,0,0,29,24,30,38,0,0,0,0
DAL,98,TOR,93,Win,Home,31,26,28,13,0,0,0,0,23,30,24,16,0,0,0,0
DET,107,IND,83,Win,Home,40,18,24,25,0,0,0,0,19,26,21,17,0,0,0,0
MIA,107,ORL,89,Win,Home,21,22,25,39,0,0,0,0,18,31,19,21,0,0,0,0
MIL,106,CHI,115,Loss,Home,31,22,30,23,0,0,0,0,22,34,27,32,0,0,0,0
SA,109,BKN,97,Win,Home,19,31,30,29,0,0,0,0,16,28,25,28,0,0,0,0
DEN,107,UTA,83,Win,Home,28,22,26,31,0,0,0,0,20,14,25,24,0,0,0,0
PHO,99,MEM,97,Win,Home,29,28,19,23,0,0,0,0,19,34,23,21,0,0,0,0
LAC,122,SAC,95,Win,Home,30,41,24,27,0,0,0,0,30,23,20,22,0,0,0,0
CHA,91,BOS,102,Loss,Home,16,28,31,16,0,0,0,0,28,32,16,26,0,0,0,0
IND,94,DAL,98,Loss,Home,29,25,20,20,0,0,0,0,22,31,18,27,0,0,0,0
ATL,113,WAS,99,Win,Home,29,26,23,35,0,0,0,0,29,28,19,23,0,0,0,0
CHI,92,NY,87,Win,Home,17,32,22,21,0,0,0,0,28,24,21,14,0,0,0,0
MIN,128,DEN,125,Win,Home,35,36,17,26,14,0,0,0,23,35,24,32,11,0,0,0
NO,128,BKN,113,Win,Home,31,38,22,37,0,0,0,0,23,23,29,38,0,0,0,0
OKC,124,TOR,107,Win,Home,32,34,36,22,0,0,0,0,38,25,25,19,0,0,0,0
SAC,109,CLE,95,Win,Home,28,34,23,24,0,0,0,0,27,28,25,15,0,0,0,0
GS,126,UTA,101,Win,Home,23,25,42,36,0,0,0,0,24,23,22,32,0,0,0,0
LAL,99,MEM,109,Loss,Home,18,29,29,23,0,0,0,0,24,30,22,33,0,0,0,0
ORL,102,DET,89,Win,Home,33,17,27,25,0,0,0,0,28,22,23,16,0,0,0,0
BOS,99,HOU,98,Win,Home,12,26,31,30,0,0,0,0,32,30,16,20,0,0,0,0
MIL,102,MIN,96,Win,Home,16,30,29,27,0,0,0,0,26,30,28,12,0,0,0,0
SA,119,NY,107,Win,Home,32,22,32,33,0,0,0,0,24,29,26,28,0,0,0,0
POR,114,PHI,110,Win,Home,27,25,20,42,0,0,0,0,30,21,34,25,0,0,0,0
WAS,121,HOU,103,Win,Home,27,32,28,34,0,0,0,0,23,25,30,25,0,0,0,0
TOR,111,ATL,98,Win,Home,30,32,26,23,0,0,0,0,22,25,22,29,0,0,0,0
CHI,119,IND,107,Win,Home,37,27,22,33,0,0,0,0,27,25,25,30,0,0,0,0
MIA,87,BKN,111,Loss,Home,20,19,21,27,0,0,0,0,24,35,36,16,0,0,0,0
NO,120,DAL,128,Loss,Home,21,39,41,19,0,0,0,0,36,41,32,19,0,0,0,0
OKC,95,MIL,97,Loss,Home,18,26,23,28,0,0,0,0,38,20,15,24,0,0,0,0
SAC,101,PHO,111,Loss,Home,25,21,37,18,0,0,0,0,35,20,33,23,0,0,0,0
GS,100,CHA,111,Loss,Home,29,24,22,25,0,0,0,0,32,21,26,32,0,0,0,0
LAL,106,LAC,121,Loss,Home,22,26,28,30,0,0,0,0,35,27,29,30,0,0,0,0
DET,93,SA,79,Win,Home,24,15,24,30,0,0,0,0,13,23,21,22,0,0,0,0
NO,103,NY,105,Loss,Home,21,24,33,25,0,0,0,0,28,28,23,26,0,0,0,0
ORL,111,MIA,117,Loss,Home,32,34,26,19,0,0,0,0,21,29,36,31,0,0,0,0
ATL,104,POR,89,Win,Home,24,22,26,32,0,0,0,0,23,29,17,20,0,0,0,0
UTA,104,CLE,101,Win,Home,22,26,28,28,0,0,0,0,32,21,16,32,0,0,0,0
GS,141,MEM,128,Win,Home,40,38,38,25,0,0,0,0,38,29,31,30,0,0,0,0
DEN,102,PHI,107,Loss,Home,29,32,19,22,0,0,0,0,31,27,25,24,0,0,0,0
WAS,114,CHI,110,Win,Home,30,29,24,31,0,0,0,0,38,25,26,21,0,0,0,0
IND,90,MIN,107,Loss,Home,13,25,20,32,0,0,0,0,23,26,38,20,0,0,0,0
BOS,108,BKN,105,Win,Home,38,23,21,26,0,0,0,0,28,31,17,29,0,0,0,0
HOU,148,LAL,142,Win,Home,44,21,25,32,11,15,0,0,37,35,29,21,11,9,0,0
LAC,106,CHA,98,Win,Home,29,13,33,31,0,0,0,0,22,30,14,32,0,0,0,0
OKC,113,DAL,116,Loss,Home,32,31,22,28,0,0,0,0,35,22,27,32,0,0,0,0
SAC,96,MEM,114,Loss,Home,22,24,17,33,0,0,0,0,36,28,26,24,0,0,0,0
PHO,110,PHI,123,Loss,Home,32,17,40,21,0,0,0,0,38,25,29,31,0,0,0,0
BKN,98,ORL,95,Win,Home,22,25,24,27,0,0,0,0,27,21,22,25,0,0,0,0
TOR,131,MIL,127,Win,Home,35,25,28,26,17,0,0,0,30,26,28,30,13,0,0,0
CHI,120,POR,124,Loss,Home,23,30,34,25,8,0,0,0,31,21,31,29,12,0,0,0
MIN,114,LAL,96,Win,Home,30,30,31,23,0,0,0,0,18,30,28,20,0,0,0,0
CLE,127,POR,110,Win,Home,28,25,38,36,0,0,0,0,28,28,31,23,0,0,0,0
NY,91,SA,100,Loss,Home,29,20,18,24,0,0,0,0,25,27,29,19,0,0,0,0
PHO,104,ATL,103,Win,Home,19,30,24,31,0,0,0,0,27,21,32,23,0,0,0,0
SAC,111,CHA,131,Loss,Home,25,27,29,30,0,0,0,0,32,40,28,31,0,0,0,0
LAC,113,MEM,105,Win,Home,34,33,19,27,0,0,0,0,31,31,22,21,0,0,0,0
ORL,98,HOU,116,Loss,Home,12,29,25,32,0,0,0,0,25,30,34,27,0,0,0,0
PHI,112,SA,106,Win,Home,27,33,28,24,0,0,0,0,22,27,35,22,0,0,0,0
WAS,121,NY,103,Win,Home,33,31,26,31,0,0,0,0,32,31,14,26,0,0,0,0
BKN,98,MIN,97,Win,Home,24,24,23,27,0,0,0,0,22,21,30,24,0,0,0,0
MIA,111,DET,104,Win,Home,24,32,25,30,0,0,0,0,29,23,29,23,0,0,0,0
BOS,102,CLE,88,Win,Home,32,23,26,21,0,0,0,0,21,26,21,20,0,0,0,0
CHI,115,TOR,124,Loss,Home,31,28,31,25,0,0,0,0,21,35,34,34,0,0,0,0
MIL,122,IND,101,Win,Home,34,28,31,29,0,0,0,0,26,26,24,25,0,0,0,0
DAL,122,GS,125,Loss,Home,26,35,28,33,0,0,0,0,35,32,24,34,0,0,0,0
DEN,134,PHO,111,Win,Home,34,27,37,36,0,0,0,0,26,41,18,26,0,0,0,0
UTA,98,NO,108,Loss,Home,28,27,17,26,0,0,0,0,27,31,23,27,0,0,0,0
LAL,96,OKC,133,Loss,Home,26,18,26,26,0,0,0,0,26,37,33,37,0,0,0,0
HOU,114,GS,124,Loss,Home,37,26,27,24,0,0,0,0,33,29,31,31,0,0,0,0
LAC,117,OKC,127,Loss,Home,33,31,33,20,0,0,0,0,30,34,30,33,0,0,0,0
MIA,107,NY,103,Win,Home,26,25,24,22,10,0,0,0,25,20,26,26,6,0,0,0
PHI,114,DET,78,Win,Home,32,30,35,17,0,0,0,0,15,17,29,17,0,0,0,0
BOS,91,MIN,84,Win,Home,19,22,25,25,0,0,0,0,19,19,24,22,0,0,0,0
MIL,110,TOR,129,Loss,Home,24,35,19,32,0,0,0,0,33,28,43,25,0,0,0,0
DAL,124,CHI,127,Loss,Home,28,25,35,36,0,0,0,0,34,23,23,47,0,0,0,0
SA,103,PHO,89,Win,Home,26,23,31,23,0,0,0,0,26,16,30,17,0,0,0,0
DEN,99,UTA,91,Win,Home,23,23,38,15,0,0,0,0,26,23,16,26,0,0,0,0
MEM,100,WAS,102,Loss,Home,24,26,22,28,0,0,0,0,33,25,29,15,0,0,0,0
POR,110,ATL,89,Win,Home,30,22,30,28,0,0,0,0,22,24,22,21,0,0,0,0
LAL,94,CHA,108,Loss,Home,24,24,28,18,0,0,0,0,28,35,30,15,0,0,0,0
LAC,105,GS,121,Loss,Home,28,27,21,29,0,0,0,0,31,33,39,18,0,0,0,0
BKN,85,BOS,87,Loss,Home,22,19,20,24,0,0,0,0,16,23,25,23,0,0,0,0
DET,108,HOU,101,Win,Home,31,26,31,20,0,0,0,0,37,21,19,24,0,0,0,0
IND,125,CHI,86,Win,Home,31,33,37,24,0,0,0,0,26,11,30,19,0,0,0,0
ORL,127,CLE,131,Loss,Home,30,34,23,40,0,0,0,0,31,36,40,24,0,0,0,0
WAS,103,MIL,110,Loss,Home,32,21,32,18,0,0,0,0,24,29,29,28,0,0,0,0
MIN,116,NO,98,Win,Home,36,33,29,18,0,0,0,0,24,24,23,27,0,0,0,0
SAC,106,DEN,98,Win,Home,29,17,33,27,0,0,0,0,27,14,30,27,0,0,0,0
MIA,103,UTA,102,Win,Home,27,22,25,29,0,0,0,0,22,25,28,27,0,0,0,0
DAL,96,NY,100,Loss,Home,25,27,19,25,0,0,0,0,33,23,19,25,0,0,0,0
PHO,114,OKC,100,Win,Home,28,34,28,24,0,0,0,0,23,30,29,18,0,0,0,0
POR,111,SA,110,Win,Home,27,21,32,31,0,0,0,0,27,26,27,30,0,0,0,0
LAL,132,ATL,113,Win,Home,29,37,30,36,0,0,0,0,27,21,32,33,0,0,0,0
IND,109,MIL,96,Win,Home,37,27,24,21,0,0,0,0,16,22,27,31,0,0,0,0
BKN,113,TOR,114,Loss,Home,19,25,27,36,6,0,0,0,26,19,33,29,7,0,0,0
CHI,107,HOU,116,Loss,Home,22,33,21,31,0,0,0,0,35,25,27,29,0,0,0,0
MIN,127,CLE,99,Win,Home,32,37,33,25,0,0,0,0,18,24,25,32,0,0,0,0
NO,112,DET,109,Win,Home,37,22,27,26,0,0,0,0,34,22,28,25,0,0,0,0
SAC,100,SA,107,Loss,Home,25,31,20,24,0,0,0,0,21,25,27,34,0,0,0,0
GS,124,DEN,114,Win,Home,37,27,29,31,0,0,0,0,28,29,24,33,0,0,0,0
LAC,108,ATL,107,Win,Home,32,26,22,28,0,0,0,0,25,22,30,30,0,0,0,0
TOR,89,MIA,90,Loss,Home,21,20,23,25,0,0,0,0,22,29,21,18,0,0,0,0
OKC,106,POR,117,Loss,Home,26,24,26,30,0,0,0,0,24,30,34,29,0,0,0,0
DAL,114,ORL,99,Win,Home,25,18,39,32,0,0,0,0,19,29,27,24,0,0,0,0
LAL,99,SAC,86,Win,Home,31,22,31,15,0,0,0,0,27,25,22,12,0,0,0,0
CHA,111,DAL,115,Loss,Home,28,24,25,34,0,0,0,0,20,39,24,32,0,0,0,0
IND,106,MIA,114,Loss,Home,26,21,31,28,0,0,0,0,38,20,26,30,0,0,0,0
WAS,104,UTA,107,Loss,Home,32,18,27,27,0,0,0,0,25,21,37,24,0,0,0,0
BKN,80,DET,114,Loss,Home,26,15,20,19,0,0,0,0,34,29,27,24,0,0,0,0
NY,119,CHI,122,Loss,Home,25,27,30,23,7,7,0,0,26,22,30,27,7,10,0,0
HOU,121,POR,112,Win,Home,25,30,31,35,0,0,0,0,19,26,32,35,0,0,0,0
MEM,105,NO,102,Win,Home,29,31,17,28,0,0,0,0,38,23,9,32,0,0,0,0
MIL,110,ORL,103,Win,Home,30,23,36,21,0,0,0,0,29,17,23,34,0,0,0,0
MIN,104,OKC,88,Win,Home,23,24,29,28,0,0,0,0,23,24,18,23,0,0,0,0
DEN,97,ATL,110,Loss,Home,21,25,32,19,0,0,0,0,29,25,28,28,0,0,0,0
GS,106,LAC,125,Loss,Home,35,27,28,16,0,0,0,0,32,26,39,28,0,0,0,0
PHI,103,BOS,114,Loss,Home,28,29,22,24,0,0,0,0,23,25,37,29,0,0,0,0
TOR,133,CLE,99,Win,Home,30,35,35,33,0,0,0,0,24,16,32,27,0,0,0,0
SAC,115,LAC,121,Loss,Home,21,39,29,26,0,0,0,0,29,43,28,21,0,0,0,0
LAL,93,SA,81,Win,Home,20,29,19,25,0,0,0,0,15,23,24,19,0,0,0,0
CHA,99,UTA,88,Win,Home,25,27,22,25,0,0,0,0,25,21,26,16,0,0,0,0
IND,97,CLE,95,Win,Home,12,32,32,21,0,0,0,0,34,24,16,21,0,0,0,0
WAS,125,ORL,119,Win,Home,34,31,33,27,0,0,0,0,33,30,35,21,0,0,0,0
ATL,105,BKN,110,Loss,Home,25,25,24,31,0,0,0,0,25,28,21,36,0,0,0,0
MIL,94,GS,108,Loss,Home,27,22,33,12,0,0,0,0,36,27,17,28,0,0,0,0
MIN,118,NY,108,Win,Home,24,31,32,31,0,0,0,0,27,30,29,22,0,0,0,0
NO,119,POR,113,Win,Home,31,30,27,31,0,0,0,0,25,36,25,27,0,0,0,0
DEN,87,MEM,78,Win,Home,16,27,24,20,0,0,0,0,26,21,13,18,0,0,0,0
PHO,95,HOU,112,Loss,Home,23,21,24,27,0,0,0,0,27,30,33,22,0,0,0,0
DAL,101,LAL,107,Loss,Home,20,32,21,22,6,0,0,0,31,15,24,25,12,0,0,0
LAC,126,SAC,105,Win,Home,30,34,27,35,0,0,0,0,17,28,23,37,0,0,0,0
CHA,91,OKC,101,Loss,Home,28,31,17,15,0,0,0,0,31,24,18,28,0,0,0,0
WAS,119,BKN,113,Win,Home,33,26,24,24,12,0,0,0,18,21,35,33,6,0,0,0
TOR,125,GS,127,Loss,Home,35,19,35,36,0,0,0,0,43,38,27,19,0,0,0,0
CHI,107,DET,105,Win,Home,36,24,27,20,0,0,0,0,31,30,23,21,0,0,0,0
SA,112,DEN,80,Win,Home,32,24,26,30,0,0,0,0,16,28,25,11,0,0,0,0
MIA,97,MIL,79,Win,Home,21,20,30,26,0,0,0,0,23,20,16,20,0,0,0,0
NY,118,NO,123,Loss,Home,29,28,39,13,9,0,0,0,13,35,34,27,14,0,0,0
PHO,97,IND,120,Loss,Home,16,28,22,31,0,0,0,0,30,34,32,24,0,0,0,0
MIN,120,POR,103,Win,Home,31,26,34,29,0,0,0,0,33,10,31,29,0,0,0,0
PHI,117,TOR,111,Win,Home,32,27,34,24,0,0,0,0,23,26,26,36,0,0,0,0
WAS,95,MIL,104,Loss,Home,30,21,21,23,0,0,0,0,28,25,25,26,0,0,0,0
ATL,102,SA,99,Win,Home,21,23,28,30,0,0,0,0,23,25,25,26,0,0,0,0
BKN,104,NY,119,Loss,Home,24,18,39,23,0,0,0,0,26,26,31,36,0,0,0,0
OKC,95,SAC,88,Win,Home,20,26,31,18,0,0,0,0,24,28,16,20,0,0,0,0
CHI,119,MIA,111,Win,Home,32,23,29,35,0,0,0,0,25,23,24,39,0,0,0,0
MEM,123,LAL,114,Win,Home,34,26,37,26,0,0,0,0,27,23,27,37,0,0,0,0
CLE,108,GS,118,Loss,Home,37,27,27,17,0,0,0,0,35,22,36,25,0,0,0,0
UTA,94,IND,109,Loss,Home,21,26,18,29,0,0,0,0,31,27,27,24,0,0,0,0
LAC,113,HOU,102,Win,Home,30,29,33,21,0,0,0,0,31,25,28,18,0,0,0,0
DET,107,CHA,118,Loss,Home,27,29,24,27,0,0,0,0,27,23,34,34,0,0,0,0
ORL,108,MIN,102,Win,Home,25,22,26,35,0,0,0,0,25,23,27,27,0,0,0,0
BOS,113,NO,116,Loss,Home,25,23,32,24,9,0,0,0,32,26,29,17,12,0,0,0
DEN,105,DAL,102,Win,Home,30,31,25,19,0,0,0,0,27,21,21,33,0,0,0,0
POR,118,PHO,111,Win,Home,36,30,26,26,0,0,0,0,31,20,21,39,0,0,0,0
CHA,133,WAS,109,Win,Home,38,39,25,31,0,0,0,0,36,25,18,30,0,0,0,0
ATL,94,NO,93,Win,Home,25,20,26,23,0,0,0,0,32,28,10,23,0,0,0,0
BKN,95,SA,100,Loss,Home,26,20,18,31,0,0,0,0,31,20,25,24,0,0,0,0
TOR,96,DET,91,Win,Home,31,23,19,23,0,0,0,0,18,33,22,18,0,0,0,0
CHI,112,GS,119,Loss,Home,40,26,12,34,0,0,0,0,38,25,32,24,0,0,0,0
MEM,105,NY,99,Win,Home,32,29,27,17,0,0,0,0,31,22,20,26,0,0,0,0
MIL,101,MIA,106,Loss,Home,25,32,22,22,0,0,0,0,30,22,26,28,0,0,0,0
OKC,114,LAL,90,Win,Home,33,27,33,21,0,0,0,0,25,29,18,18,0,0,0,0
SAC,105,UTA,120,Loss,Home,21,21,31,32,0,0,0,0,23,29,36,32,0,0,0,0
LAC,109,DEN,104,Win,Home,29,21,30,29,0,0,0,0,27,32,22,23,0,0,0,0
BOS,80,PHI,89,Loss,Home,19,13,21,27,0,0,0,0,21,18,32,18,0,0,0,0
CLE,104,ORL,103,Win,Home,36,31,17,20,0,0,0,0,20,27,33,23,0,0,0,0
HOU,116,MIN,98,Win,Home,26,37,26,27,0,0,0,0,17,33,20,28,0,0,0,0
POR,100,IND,86,Win,Home,29,23,22,26,0,0,0,0,28,19,27,12,0,0,0,0
TOR,86,SA,83,Win,Home,17,27,19,23,0,0,0,0,18,19,23,23,0,0,0,0
BKN,101,MIA,95,Win,Home,21,22,24,34,0,0,0,0,24,29,16,26,0,0,0,0
DET,112,WAS,122,Loss,Home,29,17,28,38,0,0,0,0,19,27,45,31,0,0,0,0
MEM,106,SAC,88,Win,Home,30,10,27,39,0,0,0,0,17,23,19,29,0,0,0,0
DEN,100,PHO,108,Loss,Home,31,19,23,27,0,0,0,0,29,31,25,23,0,0,0,0
LAL,99,IND,86,Win,Home,18,29,27,25,0,0,0,0,25,14,27,20,0,0,0,0
UTA,115,NY,117,Loss,Home,25,30,23,37,0,0,0,0,22,27,36,32,0,0,0,0
CLE,124,OKC,148,Loss,Home,24,36,34,30,0,0,0,0,43,33,38,34,0,0,0,0
ATL,97,CHI,113,Loss,Home,21,17,25,34,0,0,0,0,29,26,22,36,0,0,0,0
CHA,105,MIA,106,Loss,Home,27,21,35,22,0,0,0,0,31,26,16,33,0,0,0,0
NO,111,MEM,104,Win,Home,34,25,24,28,0,0,0,0,18,26,37,23,0,0,0,0
PHI,116,MIL,94,Win,Home,37,24,23,32,0,0,0,0,29,26,25,14,0,0,0,0
HOU,116,GS,108,Win,Home,40,25,27,24,0,0,0,0,28,30,33,17,0,0,0,0
MIN,115,TOR,109,Win,Home,26,28,33,28,0,0,0,0,28,34,21,26,0,0,0,0
UTA,125,LAC,113,Win,Home,39,37,28,21,0,0,0,0,29,30,28,26,0,0,0,0
POR,117,DAL,108,Win,Home,33,29,29,26,0,0,0,0,20,25,34,29,0,0,0,0
BOS,95,ORL,103,Loss,Home,29,30,12,24,0,0,0,0,28,30,32,13,0,0,0,0
LAL,127,NY,107,Win,Home,30,37,30,30,0,0,0,0,29,34,26,18,0,0,0,0
DET,100,BKN,101,Loss,Home,20,28,20,32,0,0,0,0,30,23,24,24,0,0,0,0
SA,86,IND,94,Loss,Home,23,20,16,27,0,0,0,0,22,24,25,23,0,0,0,0
CHA,112,SAC,107,Win,Home,35,32,25,20,0,0,0,0,33,22,20,32,0,0,0,0
ATL,104,UTA,90,Win,Home,19,23,32,30,0,0,0,0,20,21,22,27,0,0,0,0
HOU,99,MIA,90,Win,Home,25,21,25,28,0,0,0,0,33,17,18,22,0,0,0,0
MEM,105,PHI,101,Win,Home,19,30,25,31,0,0,0,0,30,25,28,18,0,0,0,0
MIL,109,PHO,105,Win,Home,30,23,23,33,0,0,0,0,26,27,26,26,0,0,0,0
NO,132,CHI,128,Win,Home,25,29,27,33,8,10,0,0,21,27,33,33,8,6,0,0
DAL,98,WAS,75,Win,Home,22,31,18,27,0,0,0,0,22,15,17,21,0,0,0,0
DEN,104,POR,101,Win,Home,20,25,31,28,0,0,0,0,19,30,29,23,0,0,0,0
LAC,118,MIN,126,Loss,Home,26,31,33,28,0,0,0,0,30,31,31,34,0,0,0,0
ORL,99,SAC,105,Loss,Home,27,26,29,17,0,0,0,0,28,24,25,28,0,0,0,0
OKC,109,BKN,108,Win,Home,30,17,27,35,0,0,0,0,26,33,26,23,0,0,0,0
SA,114,CLE,102,Win,Home,25,38,26,25,0,0,0,0,29,26,26,21,0,0,0,0
GS,123,NY,112,Win,Home,21,37,37,28,0,0,0,0,31,29,26,26,0,0,0,0
LAL,108,BOS,107,Win,Home,15,30,31,32,0,0,0,0,21,32,21,33,0,0,0,0
CHA,96,NO,101,Loss,Home,21,32,20,23,0,0,0,0,32,24,20,25,0,0,0,0
DET,95,UTA,98,Loss,Home,24,25,15,25,6,0,0,0,24,19,22,24,9,0,0,0
IND,116,PHO,101,Win,Home,32,31,36,17,0,0,0,0,18,26,21,36,0,0,0,0
PHI,115,CHI,101,Win,Home,25,30,30,30,0,0,0,0,16,25,26,34,0,0,0,0
ATL,93,TOR,108,Loss,Home,16,24,25,28,0,0,0,0,28,30,27,23,0,0,0,0
DAL,97,HOU,104,Loss,Home,28,17,22,30,0,0,0,0,38,13,34,19,0,0,0,0
MEM,85,SA,108,Loss,Home,21,19,24,21,0,0,0,0,22,29,26,31,0,0,0,0
POR,123,MIN,114,Win,Home,25,29,43,26,0,0,0,0,29,25,30,30,0,0,0,0
LAC,102,BOS,113,Loss,Home,22,33,22,25,0,0,0,0,25,37,29,22,0,0,0,0
MIA,88,SAC,89,Loss,Home,17,30,25,16,0,0,0,0,19,28,24,18,0,0,0,0
OKC,121,WAS,112,Win,Home,25,29,28,39,0,0,0,0,20,20,34,38,0,0,0,0
DEN,130,NY,118,Win,Home,39,34,26,31,0,0,0,0,28,32,32,26,0,0,0,0
GS,126,MIN,113,Win,Home,38,36,32,20,0,0,0,0,29,33,31,20,0,0,0,0
CHA,121,ATL,110,Win,Home,30,31,29,31,0,0,0,0,26,26,34,24,0,0,0,0
CLE,115,IND,108,Win,Home,38,35,24,18,0,0,0,0,31,29,20,28,0,0,0,0
TOR,93,UTA,97,Loss,Home,24,24,21,24,0,0,0,0,30,15,30,22,0,0,0,0
CHI,103,LAL,108,Loss,Home,25,32,15,31,0,0,0,0,32,30,22,24,0,0,0,0
MEM,100,LAC,109,Loss,Home,20,30,26,24,0,0,0,0,24,34,25,26,0,0,0,0
MIL,116,BKN,91,Win,Home,33,25,23,35,0,0,0,0,15,20,37,19,0,0,0,0
NO,115,HOU,113,Win,Home,29,37,24,25,0,0,0,0,30,23,27,33,0,0,0,0
DAL,93,POR,107,Loss,Home,25,19,24,25,0,0,0,0,17,35,23,32,0,0,0,0
SA,78,PHI,97,Loss,Home,13,18,30,17,0,0,0,0,25,25,31,16,0,0,0,0
PHO,85,NY,107,Loss,Home,23,26,18,18,0,0,0,0,33,20,28,26,0,0,0,0
DET,108,OKC,121,Loss,Home,24,33,24,27,0,0,0,0,36,33,29,23,0,0,0,0
IND,114,ORL,112,Win,Home,22,31,31,30,0,0,0,0,32,38,22,20,0,0,0,0
ATL,104,WAS,129,Loss,Home,18,27,26,33,0,0,0,0,27,34,31,37,0,0,0,0
MIA,95,CHA,91,Win,Home,22,32,17,24,0,0,0,0,26,22,30,13,0,0,0,0
GS,109,BOS,105,Win,Home,27,23,30,29,0,0,0,0,37,17,19,32,0,0,0,0
DEN,91,DAL,89,Win,Home,30,20,16,25,0,0,0,0,26,16,32,15,0,0,0,0
MIN,111,BKN,97,Win,Home,30,24,24,33,0,0,0,0,11,31,23,32,0,0,0,0
CHI,96,MIL,110,Loss,Home,20,22,30,24,0,0,0,0,26,35,25,24,0,0,0,0
HOU,113,PHO,102,Win,Home,28,32,32,21,0,0,0,0,24,29,24,25,0,0,0,0
NO,103,LAC,112,Loss,Home,34,28,15,26,0,0,0,0,26,25,29,32,0,0,0,0
CLE,121,DET,104,Win,Home,33,25,32,31,0,0,0,0,28,33,26,17,0,0,0,0
OKC,122,PHI,112,Win,Home,31,26,35,30,0,0,0,0,29,29,25,29,0,0,0,0
TOR,123,LAL,111,Win,Home,28,31,32,32,0,0,0,0,21,28,28,34,0,0,0,0
SA,113,SAC,98,Win,Home,29,20,30,34,0,0,0,0,22,28,19,29,0,0,0,0
IND,105,CHA,96,Win,Home,23,29,29,24,0,0,0,0,23,28,27,18,0,0,0,0
ATL,105,MIN,100,Win,Home,27,28,21,29,0,0,0,0,32,26,21,21,0,0,0,0
MEM,120,PHO,109,Win,Home,22,42,26,30,0,0,0,0,26,21,27,35,0,0,0,0
MIL,107,PHI,95,Win,Home,28,27,28,24,0,0,0,0,30,23,22,20,0,0,0,0
DAL,88,MIA,95,Loss,Home,26,20,15,27,0,0,0,0,22,29,24,20,0,0,0,0
DEN,110,BOS,111,Loss,Home,21,24,37,28,0,0,0,0,32,24,24,31,0,0,0,0
WAS,102,OKC,96,Win,Home,30,23,22,27,0,0,0,0,25,29,22,20,0,0,0,0
NY,111,BKN,95,Win,Home,30,31,25,25,0,0,0,0,22,19,28,26,0,0,0,0
TOR,109,MIN,104,Win,Home,19,32,27,31,0,0,0,0,27,30,23,24,0,0,0,0
DET,125,CLE,114,Win,Home,33,26,30,36,0,0,0,0,27,36,21,30,0,0,0,0
HOU,114,ORL,107,Win,Home,27,27,36,24,0,0,0,0,30,25,33,19,0,0,0,0
NO,103,SAC,114,Loss,Home,29,33,23,18,0,0,0,0,25,36,29,24,0,0,0,0
SA,106,DEN,104,Win,Home,30,30,20,26,0,0,0,0,30,25,26,23,0,0,0,0
UTA,129,GS,99,Win,Home,35,34,34,26,0,0,0,0,30,26,29,14,0,0,0,0
LAC,96,POR,104,Loss,Home,27,24,16,29,0,0,0,0,30,26,30,18,0,0,0,0
IND,105,MEM,101,Win,Home,21,34,29,21,0,0,0,0,25,28,22,26,0,0,0,0
ORL,127,LAL,105,Win,Home,29,29,43,26,0,0,0,0,25,26,30,24,0,0,0,0
ATL,110,CHA,123,Loss,Home,28,24,32,26,0,0,0,0,35,29,33,26,0,0,0,0
BKN,116,PHI,108,Win,Home,30,34,27,25,0,0,0,0,34,31,23,20,0,0,0,0
CLE,91,MIA,89,Win,Home,27,21,24,19,0,0,0,0,21,29,22,17,0,0,0,0
BOS,103,NY,73,Win,Home,27,23,31,22,0,0,0,0,24,21,20,8,0,0,0,0
POR,124,CHI,108,Win,Home,43,24,35,22,0,0,0,0,19,25,31,33,0,0,0,0
PHO,102,DAL,88,Win,Home,36,21,24,21,0,0,0,0,17,29,15,27,0,0,0,0
DET,104,MEM,102,Win,Home,27,24,31,22,0,0,0,0,25,26,25,26,0,0,0,0
WAS,122,TOR,119,Win,Home,27,28,33,34,0,0,0,0,34,28,25,32,0,0,0,0
MIN,108,MIL,89,Win,Home,23,37,19,29,0,0,0,0,17,22,22,28,0,0,0,0
SA,91,HOU,102,Loss,Home,14,24,32,21,0,0,0,0,27,27,28,20,0,0,0,0
DEN,127,OKC,124,Win,Home,40,32,32,23,0,0,0,0,33,24,32,35,0,0,0,0
CHA,133,IND,126,Win,Home,49,22,25,37,0,0,0,0,37,20,34,35,0,0,0,0
BOS,119,ATL,110,Win,Home,26,27,41,25,0,0,0,0,32,23,20,35,0,0,0,0
BKN,99,LAL,102,Loss,Home,26,31,28,14,0,0,0,0,24,35,26,17,0,0,0,0
TOR,130,POR,105,Win,Home,37,37,27,29,0,0,0,0,18,34,28,25,0,0,0,0
MIL,92,NY,90,Win,Home,28,27,19,18,0,0,0,0,29,26,19,16,0,0,0,0
PHI,103,MIA,97,Win,Home,24,27,35,17,0,0,0,0,23,18,19,37,0,0,0,0
OKC,100,NO,114,Loss,Home,32,26,25,17,0,0,0,0,22,32,36,24,0,0,0,0
PHO,97,UTA,129,Loss,Home,23,17,33,24,0,0,0,0,28,34,32,35,0,0,0,0
SAC,104,GS,119,Loss,Home,27,25,23,29,0,0,0,0,29,29,26,35,0,0,0,0
LAC,113,CHI,103,Win,Home,22,35,30,26,0,0,0,0,17,35,29,22,0,0,0,0
DET,111,MIA,107,Win,Home,27,27,22,35,0,0,0,0,26,24,27,30,0,0,0,0
IND,100,PHI,92,Win,Home,33,29,14,24,0,0,0,0,27,30,18,17,0,0,0,0
ORL,98,WAS,115,Loss,Home,25,22,22,29,0,0,0,0,31,25,31,28,0,0,0,0
CLE,88,HOU,120,Loss,Home,20,19,30,19,0,0,0,0,32,33,32,23,0,0,0,0
DEN,115,GS,108,Win,Home,29,26,22,38,0,0,0,0,32,24,27,25,0,0,0,0
MIN,118,NO,107,Win,Home,37,29,29,23,0,0,0,0,29,24,28,26,0,0,0,0
SA,111,UTA,120,Loss,Home,24,25,29,33,0,0,0,0,33,28,26,33,0,0,0,0
SAC,99,DAL,106,Loss,Home,28,26,31,14,0,0,0,0,27,29,25,25,0,0,0,0
OKC,104,LAL,108,Loss,Home,22,27,30,25,0,0,0,0,25,26,31,26,0,0,0,0
PHO,110,CHA,115,Loss,Home,31,28,35,16,0,0,0,0,25,23,38,29,0,0,0,0
BOS,97,POR,96,Win,Home,19,19,31,28,0,0,0,0,26,28,19,23,0,0,0,0
BKN,94,MIL,109,Loss,Home,22,19,31,22,0,0,0,0,36,26,21,26,0,0,0,0
NY,96,ATL,99,Loss,Home,22,16,33,25,0,0,0,0,21,23,25,30,0,0,0,0
TOR,101,MEM,86,Win,Home,25,31,20,25,0,0,0,0,24,20,30,12,0,0,0,0
DET,111,POR,91,Win,Home,22,27,30,32,0,0,0,0,20,23,24,24,0,0,0,0
IND,102,WAS,111,Loss,Home,23,26,25,28,0,0,0,0,28,30,28,25,0,0,0,0
MIA,109,ORL,111,Loss,Home,35,25,27,22,0,0,0,0,26,33,34,18,0,0,0,0
NO,109,UTA,133,Loss,Home,23,41,22,23,0,0,0,0,34,36,29,34,0,0,0,0
DEN,121,CHA,104,Win,Home,36,27,34,24,0,0,0,0,25,37,22,20,0,0,0,0
SAC,104,CHI,98,Win,Home,9,32,36,27,0,0,0,0,28,27,24,19,0,0,0,0
LAC,104,DAL,101,Win,Home,32,26,20,26,0,0,0,0,28,27,27,19,0,0,0,0
ORL,116,CLE,98,Win,Home,31,20,41,24,0,0,0,0,43,24,22,9,0,0,0,0
ATL,108,MEM,82,Win,Home,22,29,28,29,0,0,0,0,15,20,19,28,0,0,0,0
BKN,113,HOU,123,Loss,Home,31,32,23,27,0,0,0,0,38,27,31,27,0,0,0,0
NY,89,MIL,103,Loss,Home,26,20,17,26,0,0,0,0,25,25,26,27,0,0,0,0
TOR,111,BOS,91,Win,Home,22,36,25,28,0,0,0,0,18,19,23,31,0,0,0,0
PHI,115,WAS,102,Win,Home,37,28,29,21,0,0,0,0,20,35,29,18,0,0,0,0
GS,105,OKC,125,Loss,Home,30,27,20,28,0,0,0,0,42,28,29,26,0,0,0,0
LAL,112,PHO,93,Win,Home,33,24,31,24,0,0,0,0,28,29,22,14,0,0,0,0
DET,115,BKN,106,Win,Home,26,27,26,36,0,0,0,0,21,29,23,33,0,0,0,0
MIA,101,HOU,109,Loss,Home,24,33,23,21,0,0,0,0,35,26,22,26,0,0,0,0
CLE,140,MIN,138,Win,Home,31,33,37,28,11,0,0,0,29,37,33,30,9,0,0,0
MEM,88,UTA,92,Loss,Home,16,23,24,25,0,0,0,0,21,23,24,24,0,0,0,0
PHO,81,SA,129,Loss,Home,9,22,19,31,0,0,0,0,28,41,28,32,0,0,0,0
ORL,100,ATL,98,Win,Home,26,13,30,31,0,0,0,0,23,16,31,28,0,0,0,0
TOR,113,NY,88,Win,Home,23,29,30,31,0,0,0,0,18,23,25,22,0,0,0,0
WAS,104,BOS,110,Loss,Home,27,24,19,28,6,0,0,0,26,23,26,23,12,0,0,0
POR,109,CHA,103,Win,Home,29,20,30,18,12,0,0,0,18,27,20,32,6,0,0,0
GS,121,DAL,103,Win,Home,23,37,33,28,0,0,0,0,33,27,25,18,0,0,0,0
LAL,106,OKC,81,Win,Home,30,22,31,23,0,0,0,0,27,19,20,15,0,0,0,0
DET,95,LAC,108,Loss,Home,30,26,24,15,0,0,0,0,31,21,25,31,0,0,0,0
PHI,100,NO,82,Win,Home,32,24,28,16,0,0,0,0,14,27,11,30,0,0,0,0
ATL,107,CLE,123,Loss,Home,27,29,26,25,0,0,0,0,31,30,36,26,0,0,0,0
BOS,91,IND,97,Loss,Home,16,22,34,19,0,0,0,0,30,29,17,21,0,0,0,0
CHI,114,MIN,113,Win,Home,30,26,33,25,0,0,0,0,27,40,19,27,0,0,0,0
HOU,130,DEN,104,Win,Home,35,28,34,33,0,0,0,0,23,23,24,34,0,0,0,0
MIA,91,MIL,85,Win,Home,19,23,30,19,0,0,0,0,23,23,8,31,0,0,0,0
UTA,106,CHA,94,Win,Home,28,27,29,22,0,0,0,0,24,22,31,17,0,0,0,0
SAC,100,POR,118,Loss,Home,31,21,22,26,0,0,0,0,33,29,30,26,0,0,0,0
BKN,128,NO,138,Loss,Home,22,30,33,31,8,4,0,0,34,38,28,16,8,14,0,0
ORL,104,MIL,111,Loss,Home,29,25,20,30,0,0,0,0,24,26,28,33,0,0,0,0
PHI,112,LAC,98,Win,Home,37,32,16,27,0,0,0,0,28,27,23,20,0,0,0,0
CHI,90,WAS,101,Loss,Home,22,24,24,20,0,0,0,0,30,26,26,19,0,0,0,0
DAL,130,LAL,123,Win,Home,34,31,35,30,0,0,0,0,36,30,29,28,0,0,0,0
GS,122,SA,105,Win,Home,27,31,33,31,0,0,0,0,37,18,20,30,0,0,0,0
PHO,113,DEN,123,Loss,Home,23,37,29,24,0,0,0,0,28,34,32,29,0,0,0,0
CHA,103,TOR,123,Loss,Home,26,29,19,29,0,0,0,0,30,32,28,33,0,0,0,0
ATL,118,DET,115,Win,Home,28,27,27,36,0,0,0,0,23,33,24,35,0,0,0,0
BOS,99,CLE,121,Loss,Home,32,20,22,25,0,0,0,0,31,33,31,26,0,0,0,0
IND,121,NY,113,Win,Home,36,32,26,27,0,0,0,0,37,25,22,29,0,0,0,0
HOU,104,DAL,97,Win,Home,27,30,30,17,0,0,0,0,19,36,20,22,0,0,0,0
MIN,111,SAC,106,Win,Home,23,33,19,36,0,0,0,0,29,25,26,26,0,0,0,0
OKC,110,MEM,92,Win,Home,35,39,21,15,0,0,0,0,18,36,26,12,0,0,0,0
POR,96,UTA,115,Loss,Home,26,18,19,33,0,0,0,0,19,24,38,34,0,0,0,0
DET,103,NO,118,Loss,Home,31,21,28,23,0,0,0,0,32,28,35,23,0,0,0,0
PHI,108,NY,92,Win,Home,31,26,29,22,0,0,0,0,21,34,24,13,0,0,0,0
BKN,101,LAC,114,Loss,Home,22,29,16,34,0,0,0,0,34,32,24,24,0,0,0,0
CHI,105,ORL,101,Win,Home,30,23,24,28,0,0,0,0,27,24,20,30,0,0,0,0
UTA,101,SA,99,Win,Home,25,29,15,32,0,0,0,0,22,26,29,22,0,0,0,0
GS,129,PHO,83,Win,Home,25,37,37,30,0,0,0,0,24,21,26,12,0,0,0,0
TOR,115,MIA,112,Win,Home,28,29,41,17,0,0,0,0,24,31,26,31,0,0,0,0
MIL,97,ATL,92,Win,Home,21,20,33,23,0,0,0,0,24,19,18,31,0,0,0,0
MIN,108,HOU,126,Loss,Home,31,19,30,28,0,0,0,0,23,31,30,42,0,0,0,0
OKC,112,CLE,120,Loss,Home,28,29,30,25,0,0,0,0,29,33,29,29,0,0,0,0
DAL,109,SAC,114,Loss,Home,16,28,27,38,0,0,0,0,29,36,23,26,0,0,0,0
DEN,117,SA,109,Win,Home,30,28,29,30,0,0,0,0,32,29,29,19,0,0,0,0
DET,104,ATL,98,Win,Home,22,23,37,22,0,0,0,0,14,19,28,37,0,0,0,0
ORL,102,CHA,104,Loss,Home,26,27,25,24,0,0,0,0,20,34,31,19,0,0,0,0
PHI,104,MIA,102,Win,Home,20,19,34,31,0,0,0,0,29,33,19,21,0,0,0,0
BKN,103,IND,108,Loss,Home,23,31,25,24,0,0,0,0,22,32,19,35,0,0,0,0
NY,113,WAS,118,Loss,Home,39,33,15,26,0,0,0,0,26,25,39,28,0,0,0,0
BOS,119,LAC,129,Loss,Home,25,32,34,28,0,0,0,0,34,27,32,36,0,0,0,0
CHI,98,TOR,122,Loss,Home,33,16,27,22,0,0,0,0,27,34,34,27,0,0,0,0
HOU,100,SAC,91,Win,Home,20,35,17,28,0,0,0,0,25,20,18,28,0,0,0,0
MEM,114,OKC,121,Loss,Home,33,20,31,30,0,0,0,0,34,39,19,29,0,0,0,0
NO,139,LAL,117,Win,Home,46,33,24,36,0,0,0,0,33,33,25,26,0,0,0,0
UTA,107,PHO,97,Win,Home,27,23,22,35,0,0,0,0,23,18,30,26,0,0,0,0
POR,123,GS,117,Win,Home,40,23,29,31,0,0,0,0,27,24,36,30,0,0,0,0
MIL,123,DEN,134,Loss,Home,28,34,26,35,0,0,0,0,35,39,33,27,0,0,0,0
MIN,119,LAL,111,Win,Home,35,27,22,35,0,0,0,0,39,26,26,20,0,0,0,0
CHA,111,BKN,96,Win,Home,32,23,25,31,0,0,0,0,28,25,21,22,0,0,0,0
ORL,113,NY,120,Loss,Home,41,28,21,23,0,0,0,0,31,32,30,27,0,0,0,0
CHI,115,PHI,116,Loss,Home,29,40,22,24,0,0,0,0,33,34,26,23,0,0,0,0
CLE,103,WAS,110,Loss,Home,31,23,25,24,0,0,0,0,22,35,25,28,0,0,0,0
SAC,107,OKC,110,Loss,Home,21,39,30,17,0,0,0,0,44,23,18,25,0,0,0,0
GS,134,LAC,127,Win,Home,34,36,32,32,0,0,0,0,23,35,34,35,0,0,0,0
DET,98,BOS,110,Loss,Home,28,21,28,21,0,0,0,0,23,38,25,24,0,0,0,0
IND,116,ATL,93,Win,Home,27,34,22,33,0,0,0,0,22,22,22,27,0,0,0,0
WAS,105,CHA,122,Loss,Home,26,29,27,23,0,0,0,0,36,31,27,28,0,0,0,0
TOR,119,MIL,122,Loss,Home,29,28,31,22,9,0,0,0,23,42,31,14,12,0,0,0
HOU,120,MIN,102,Win,Home,26,29,33,32,0,0,0,0,32,22,21,27,0,0,0,0
MEM,89,CLE,112,Loss,Home,27,22,22,18,0,0,0,0,20,34,31,27,0,0,0,0
NO,124,MIA,123,Win,Home,22,35,27,24,16,0,0,0,27,32,30,19,15,0,0,0
DEN,122,SA,119,Win,Home,32,31,33,26,0,0,0,0,30,31,28,30,0,0,0,0
PHO,117,LAC,128,Loss,Home,18,32,28,39,0,0,0,0,40,39,16,33,0,0,0,0
UTA,81,POR,100,Loss,Home,30,17,17,17,0,0,0,0,31,22,27,20,0,0,0,0
LAL,124,DAL,102,Win,Home,32,31,32,29,0,0,0,0,17,24,35,26,0,0,0,0
PHI,116,ORL,105,Win,Home,27,31,29,29,0,0,0,0,18,22,31,34,0,0,0,0
MIA,115,MEM,89,Win,Home,34,26,32,23,0,0,0,0,31,21,18,19,0,0,0,0
NY,112,BOS,121,Loss,Home,24,32,25,31,0,0,0,0,23,36,29,33,0,0,0,0
GS,112,OKC,80,Win,Home,24,28,32,28,0,0,0,0,19,26,21,14,0,0,0,0
MIN,122,CHI,104,Win,Home,31,29,26,36,0,0,0,0,24,38,20,22,0,0,0,0
PHO,104,POR,106,Loss,Home,24,26,31,23,0,0,0,0,28,27,16,35,0,0,0,0
UTA,97,DAL,90,Win,Home,35,18,21,23,0,0,0,0,23,27,21,19,0,0,0,0
SAC,108,LAL,113,Loss,Home,29,29,25,25,0,0,0,0,25,25,37,26,0,0,0,0
CHA,114,DET,98,Win,Home,32,38,26,18,0,0,0,0,19,27,25,27,0,0,0,0
MIL,121,NO,123,Loss,Home,32,34,19,29,7,0,0,0,21,28,38,27,9,0,0,0
CLE,94,SA,110,Loss,Home,20,33,21,20,0,0,0,0,25,25,26,34,0,0,0,0
DEN,114,HOU,119,Loss,Home,25,27,27,35,0,0,0,0,38,28,26,27,0,0,0,0
WAS,109,PHI,94,Win,Home,30,37,20,22,0,0,0,0,28,20,25,21,0,0,0,0
ATL,104,LAL,123,Loss,Home,22,24,29,29,0,0,0,0,28,36,32,27,0,0,0,0
BOS,109,MEM,98,Win,Home,33,34,19,23,0,0,0,0,24,17,28,29,0,0,0,0
BKN,104,CHI,87,Win,Home,28,21,35,20,0,0,0,0,19,32,19,17,0,0,0,0
NY,111,GS,125,Loss,Home,39,25,18,29,0,0,0,0,37,26,39,23,0,0,0,0
TOR,123,DET,94,Win,Home,30,29,34,30,0,0,0,0,26,27,22,19,0,0,0,0
NO,125,PHO,116,Win,Home,26,32,38,29,0,0,0,0,36,29,24,27,0,0,0,0
OKC,112,ORL,105,Win,Home,31,30,23,28,0,0,0,0,38,24,15,28,0,0,0,0
DAL,109,IND,103,Win,Home,23,26,19,41,0,0,0,0,23,20,22,38,0,0,0,0
UTA,85,HOU,96,Loss,Home,21,23,19,22,0,0,0,0,19,20,31,26,0,0,0,0
SAC,100,MIN,118,Loss,Home,29,31,17,23,0,0,0,0,29,34,34,21,0,0,0,0
CHA,118,CHI,103,Win,Home,26,25,36,31,0,0,0,0,29,22,27,25,0,0,0,0
CLE,129,BKN,123,Win,Home,25,35,34,35,0,0,0,0,29,32,30,32,0,0,0,0
MIA,102,PHI,101,Win,Home,17,28,28,29,0,0,0,0,24,24,27,26,0,0,0,0
MIL,104,WAS,107,Loss,Home,22,28,31,23,0,0,0,0,40,24,20,23,0,0,0,0
POR,116,SAC,99,Win,Home,36,30,22,28,0,0,0,0,26,27,27,19,0,0,0,0
DEN,120,LAC,122,Loss,Home,33,25,30,32,0,0,0,0,24,28,29,41,0,0,0,0
DET,110,MIL,87,Win,Home,32,21,32,25,0,0,0,0,32,12,26,17,0,0,0,0
ORL,104,TOR,117,Loss,Home,37,26,26,15,0,0,0,0,42,27,21,27,0,0,0,0
ATL,107,IND,102,Win,Home,28,27,30,22,0,0,0,0,27,23,15,37,0,0,0,0
BOS,134,CHA,106,Win,Home,37,30,36,31,0,0,0,0,31,28,20,27,0,0,0,0
MEM,102,PHO,110,Loss,Home,27,27,18,30,0,0,0,0,21,36,25,28,0,0,0,0
WAS,101,GS,109,Loss,Home,21,35,14,31,0,0,0,0,36,22,27,24,0,0,0,0
DAL,110,OKC,111,Loss,Home,21,22,33,24,10,0,0,0,32,22,23,23,11,0,0,0
SA,116,NO,121,Loss,Home,29,31,35,21,0,0,0,0,24,27,36,34,0,0,0,0
LAC,92,HOU,105,Loss,Home,12,31,29,20,0,0,0,0,34,27,22,22,0,0,0,0
MIA,113,LAL,131,Loss,Home,36,26,32,19,0,0,0,0,33,40,31,27,0,0,0,0
CLE,97,PHI,108,Loss,Home,29,27,15,26,0,0,0,0,32,27,18,31,0,0,0,0
SAC,116,BKN,111,Win,Home,22,31,20,27,16,0,0,0,31,20,28,21,11,0,0,0
POR,108,MIN,99,Win,Home,19,25,31,33,0,0,0,0,24,25,29,21,0,0,0,0
ORL,115,DET,106,Win,Home,31,22,29,22,11,0,0,0,29,23,30,22,2,0,0,0
PHI,110,CHA,99,Win,Home,27,21,26,36,0,0,0,0,30,26,24,19,0,0,0,0
ATL,109,GS,114,Loss,Home,31,19,34,25,0,0,0,0,33,29,28,24,0,0,0,0
CHI,108,DAL,100,Win,Home,24,23,31,30,0,0,0,0,32,17,36,15,0,0,0,0
MEM,102,DEN,108,Loss,Home,29,25,26,22,0,0,0,0,35,28,28,17,0,0,0,0
MIL,96,IND,103,Loss,Home,21,25,21,29,0,0,0,0,18,27,33,25,0,0,0,0
WAS,95,TOR,102,Loss,Home,27,20,27,21,0,0,0,0,19,32,26,25,0,0,0,0
PHO,116,OKC,124,Loss,Home,37,30,32,17,0,0,0,0,32,28,37,27,0,0,0,0
LAC,128,NY,105,Win,Home,32,25,35,36,0,0,0,0,25,35,18,27,0,0,0,0
UTA,116,MIN,108,Win,Home,23,33,29,31,0,0,0,0,24,21,32,31,0,0,0,0
ORL,107,MEM,100,Win,Home,31,21,25,30,0,0,0,0,27,25,27,21,0,0,0,0
CLE,117,DEN,126,Loss,Home,31,31,35,20,0,0,0,0,37,36,30,23,0,0,0,0
MIA,105,DET,96,Win,Home,27,32,15,31,0,0,0,0,28,18,24,26,0,0,0,0
HOU,123,BOS,120,Win,Home,30,28,28,37,0,0,0,0,32,32,25,31,0,0,0,0
SA,112,LAL,116,Loss,Home,30,30,31,21,0,0,0,0,23,30,27,36,0,0,0,0
POR,108,OKC,100,Win,Home,25,28,30,25,0,0,0,0,28,22,25,25,0,0,0,0
SAC,91,UTA,98,Loss,Home,17,26,23,25,0,0,0,0,25,27,23,23,0,0,0,0
ATL,113,PHO,112,Win,Home,29,27,30,27,0,0,0,0,23,33,31,25,0,0,0,0
TOR,103,CHA,98,Win,Home,26,26,30,21,0,0,0,0,21,22,26,29,0,0,0,0
WAS,95,IND,98,Loss,Home,20,25,20,30,0,0,0,0,30,25,25,18,0,0,0,0
DAL,109,NO,126,Loss,Home,25,24,29,31,0,0,0,0,33,32,26,35,0,0,0,0
MIL,118,PHI,110,Win,Home,31,29,33,25,0,0,0,0,43,29,14,24,0,0,0,0
LAC,123,BKN,120,Win,Home,32,33,26,32,0,0,0,0,27,26,33,34,0,0,0,0
SAC,102,NY,99,Win,Home,32,19,32,19,0,0,0,0,20,26,26,27,0,0,0,0
CLE,112,DET,90,Win,Home,26,28,36,22,0,0,0,0,28,21,21,20,0,0,0,0
IND,92,MIL,89,Win,Home,20,24,29,19,0,0,0,0,17,29,23,20,0,0,0,0
MIA,125,PHO,103,Win,Home,30,31,32,32,0,0,0,0,27,21,32,23,0,0,0,0
CHI,89,BOS,105,Loss,Home,16,13,24,36,0,0,0,0,35,20,31,19,0,0,0,0
SA,100,MEM,98,Win,Home,21,26,23,30,0,0,0,0,23,22,27,26,0,0,0,0
UTA,94,ORL,80,Win,Home,25,29,20,20,0,0,0,0,29,15,23,13,0,0,0,0
LAL,103,POR,108,Loss,Home,24,31,25,23,0,0,0,0,27,31,15,35,0,0,0,0
CHA,114,PHI,128,Loss,Home,29,30,32,23,0,0,0,0,32,39,30,27,0,0,0,0
TOR,106,ATL,90,Win,Home,27,23,26,30,0,0,0,0,28,23,26,13,0,0,0,0
WAS,117,MIA,113,Win,Home,31,28,27,19,12,0,0,0,26,24,30,25,8,0,0,0
OKC,112,HOU,122,Loss,Home,24,21,29,38,0,0,0,0,26,28,33,35,0,0,0,0
DAL,118,DEN,107,Win,Home,29,29,38,22,0,0,0,0,25,37,23,22,0,0,0,0
POR,111,NY,87,Win,Home,35,22,30,24,0,0,0,0,28,24,19,16,0,0,0,0
GS,114,BKN,101,Win,Home,35,13,38,28,0,0,0,0,19,34,27,21,0,0,0,0
LAC,116,NO,121,Loss,Home,27,25,30,34,0,0,0,0,35,32,30,24,0,0,0,0
IND,84,UTA,104,Loss,Home,20,24,25,15,0,0,0,0,32,22,25,25,0,0,0,0
CHI,119,MEM,110,Win,Home,30,34,26,29,0,0,0,0,22,29,24,35,0,0,0,0
DET,119,TOR,121,Loss,Home,23,36,25,30,5,0,0,0,27,18,40,29,7,0,0,0
MIL,99,HOU,110,Loss,Home,22,24,30,23,0,0,0,0,24,34,29,23,0,0,0,0
SAC,101,NO,114,Loss,Home,21,23,23,34,0,0,0,0,32,30,23,29,0,0,0,0
DEN,108,CLE,113,Loss,Home,23,35,29,21,0,0,0,0,38,32,19,24,0,0,0,0
LAL,108,ORL,107,Win,Home,23,33,25,27,0,0,0,0,32,19,28,28,0,0,0,0
CHA,111,BKN,125,Loss,Home,29,30,26,26,0,0,0,0,35,30,31,29,0,0,0,0
MIA,108,PHI,99,Win,Home,29,24,20,35,0,0,0,0,28,21,25,25,0,0,0,0
MIN,109,BOS,117,Loss,Home,28,18,28,35,0,0,0,0,35,25,26,31,0,0,0,0
OKC,115,PHO,87,Win,Home,26,23,39,27,0,0,0,0,23,15,29,20,0,0,0,0
GS,110,SA,107,Win,Home,28,18,32,32,0,0,0,0,21,29,37,20,0,0,0,0
DET,99,CHI,83,Win,Home,21,28,24,26,0,0,0,0,26,21,15,21,0,0,0,0
IND,112,ATL,87,Win,Home,34,19,34,25,0,0,0,0,15,22,26,24,0,0,0,0
TOR,108,HOU,105,Win,Home,32,26,25,25,0,0,0,0,16,27,32,30,0,0,0,0
MEM,78,UTA,95,Loss,Home,23,15,20,20,0,0,0,0,24,26,21,24,0,0,0,0
MIL,120,NY,112,Win,Home,26,34,31,29,0,0,0,0,22,33,34,23,0,0,0,0
NO,97,WAS,116,Loss,Home,19,19,24,35,0,0,0,0,22,31,30,33,0,0,0,0
DEN,125,LAL,116,Win,Home,37,28,29,31,0,0,0,0,28,34,34,20,0,0,0,0
POR,125,GS,108,Win,Home,33,28,26,38,0,0,0,0,27,25,31,25,0,0,0,0
SAC,94,ORL,88,Win,Home,22,19,33,20,0,0,0,0,14,22,26,26,0,0,0,0
LAC,116,CLE,102,Win,Home,35,26,24,31,0,0,0,0,17,30,30,25,0,0,0,0
CHA,122,PHO,115,Win,Home,32,27,35,28,0,0,0,0,25,26,21,43,0,0,0,0
MIA,129,WAS,102,Win,Home,26,34,43,26,0,0,0,0,20,28,28,26,0,0,0,0
DAL,114,MEM,80,Win,Home,31,25,28,30,0,0,0,0,13,17,33,17,0,0,0,0
OKC,104,SA,94,Win,Home,24,28,25,27,0,0,0,0,19,24,25,26,0,0,0,0
LAC,113,ORL,105,Win,Home,30,26,31,26,0,0,0,0,27,31,31,16,0,0,0,0
NY,106,TOR,132,Loss,Home,27,30,29,20,0,0,0,0,32,33,37,30,0,0,0,0
ATL,122,CHI,129,Loss,Home,34,16,35,37,0,0,0,0,20,33,38,38,0,0,0,0
MIN,109,GS,103,Win,Home,34,21,29,25,0,0,0,0,24,38,22,19,0,0,0,0
NO,99,UTA,116,Loss,Home,23,28,23,25,0,0,0,0,29,19,30,38,0,0,0,0
DEN,130,SAC,104,Win,Home,32,34,35,29,0,0,0,0,25,24,19,36,0,0,0,0
DAL,82,HOU,105,Loss,Home,14,33,16,19,0,0,0,0,25,23,32,25,0,0,0,0
BOS,97,IND,99,Loss,Home,25,25,20,27,0,0,0,0,24,16,34,25,0,0,0,0
BKN,97,PHI,120,Loss,Home,25,35,23,14,0,0,0,0,37,33,26,24,0,0,0,0
LAL,127,CLE,113,Win,Home,33,32,33,29,0,0,0,0,29,31,22,31,0,0,0,0
HOU,109,SA,93,Win,Home,25,29,34,21,0,0,0,0,21,22,24,26,0,0,0,0
MEM,103,MIL,121,Loss,Home,24,26,23,30,0,0,0,0,32,32,26,31,0,0,0,0
OKC,106,SAC,101,Win,Home,19,27,32,28,0,0,0,0,16,24,39,22,0,0,0,0
POR,115,MIA,99,Win,Home,34,25,29,27,0,0,0,0,25,22,25,27,0,0,0,0
PHI,98,IND,101,Loss,Home,23,30,26,19,0,0,0,0,33,24,26,18,0,0,0,0
WAS,111,MIN,116,Loss,Home,26,33,31,21,0,0,0,0,25,28,29,34,0,0,0,0
ATL,107,OKC,119,Loss,Home,28,38,22,19,0,0,0,0,31,23,36,29,0,0,0,0
BKN,102,TOR,116,Loss,Home,40,27,18,17,0,0,0,0,32,25,30,29,0,0,0,0
NY,97,DAL,110,Loss,Home,31,29,12,25,0,0,0,0,29,28,26,27,0,0,0,0
CHI,106,LAC,112,Loss,Home,27,33,18,28,0,0,0,0,31,31,28,22,0,0,0,0
NO,119,CHA,115,Win,Home,37,35,20,27,0,0,0,0,32,33,27,23,0,0,0,0
SA,108,ORL,72,Win,Home,24,38,34,12,0,0,0,0,18,19,20,15,0,0,0,0
UTA,110,DET,79,Win,Home,42,22,22,24,0,0,0,0,21,18,20,20,0,0,0,0
PHO,107,CLE,129,Loss,Home,18,34,28,27,0,0,0,0,38,30,34,27,0,0,0,0
LAL,112,DEN,103,Win,Home,35,13,29,35,0,0,0,0,22,25,35,21,0,0,0,0
ORL,126,MIL,117,Win,Home,36,25,30,35,0,0,0,0,20,32,28,37,0,0,0,0
BOS,124,WAS,125,Loss,Home,37,22,21,26,9,9,0,0,23,29,29,25,9,10,0,0
SAC,123,MIA,119,Win,Home,24,35,32,20,12,0,0,0,31,21,27,32,8,0,0,0
GS,117,LAL,106,Win,Home,26,29,34,28,0,0,0,0,23,32,27,24,0,0,0,0
IND,99,TOR,106,Loss,Home,27,30,22,20,0,0,0,0,25,24,28,29,0,0,0,0
ATL,117,CHA,129,Loss,Home,23,32,24,38,0,0,0,0,33,30,34,32,0,0,0,0
NY,110,PHI,118,Loss,Home,32,36,23,19,0,0,0,0,32,28,23,35,0,0,0,0
HOU,101,LAC,96,Win,Home,28,19,31,23,0,0,0,0,26,25,23,22,0,0,0,0
MEM,110,CHI,111,Loss,Home,29,23,23,35,0,0,0,0,22,30,26,33,0,0,0,0
SA,98,NO,93,Win,Home,37,23,18,20,0,0,0,0,26,32,15,20,0,0,0,0
DEN,120,DET,113,Win,Home,33,32,33,22,0,0,0,0,29,22,33,29,0,0,0,0
UTA,116,PHO,88,Win,Home,20,36,25,35,0,0,0,0,23,20,23,22,0,0,0,0
POR,113,CLE,105,Win,Home,29,30,29,25,0,0,0,0,29,25,23,28,0,0,0,0
ORL,83,BOS,92,Loss,Home,16,15,21,31,0,0,0,0,25,23,27,17,0,0,0,0
PHI,120,BKN,116,Win,Home,30,25,31,34,0,0,0,0,33,25,23,35,0,0,0,0
TOR,122,DAL,115,Win,Home,29,25,24,28,16,0,0,0,27,33,24,22,9,0,0,0
OKC,121,LAC,113,Win,Home,27,36,26,32,0,0,0,0,30,26,28,29,0,0,0,0
GS,93,SAC,98,Loss,Home,36,23,16,18,0,0,0,0,29,28,18,23,0,0,0,0
LAL,91,MIA,92,Loss,Home,24,26,21,20,0,0,0,0,25,25,24,18,0,0,0,0
NO,101,HOU,107,Loss,Home,29,25,18,29,0,0,0,0,32,28,24,23,0,0,0,0
WAS,109,IND,102,Win,Home,25,32,29,23,0,0,0,0,20,25,26,31,0,0,0,0
BKN,114,DAL,106,Win,Home,30,29,29,26,0,0,0,0,24,32,33,17,0,0,0,0
NY,124,CHA,101,Win,Home,22,35,42,25,0,0,0,0,24,26,17,34,0,0,0,0
CHI,109,CLE,114,Loss,Home,31,21,29,28,0,0,0,0,32,37,16,29,0,0,0,0
MEM,101,DEN,94,Win,Home,34,19,31,17,0,0,0,0,17,31,27,19,0,0,0,0
MIL,122,ATL,117,Win,Home,26,30,39,27,0,0,0,0,31,19,37,30,0,0,0,0
SA,117,MIN,101,Win,Home,23,38,29,27,0,0,0,0,24,26,31,20,0,0,0,0
UTA,103,SAC,97,Win,Home,32,18,30,23,0,0,0,0,27,27,25,18,0,0,0,0
PHO,109,GS,124,Loss,Home,34,26,25,24,0,0,0,0,30,22,42,30,0,0,0,0
POR,100,DET,87,Win,Home,31,29,20,20,0,0,0,0,20,25,18,24,0,0,0,0
TOR,125,OKC,132,Loss,Home,34,30,34,27,0,0,0,0,40,26,31,35,0,0,0,0
NO,108,BOS,89,Win,Home,20,27,35,26,0,0,0,0,28,21,27,13,0,0,0,0
MIN,120,HOU,129,Loss,Home,23,33,35,29,0,0,0,0,38,39,30,22,0,0,0,0
LAC,109,POR,122,Loss,Home,18,34,29,28,0,0,0,0,24,34,33,31,0,0,0,0
CLE,124,MIL,117,Win,Home,26,38,29,31,0,0,0,0,25,32,28,32,0,0,0,0
IND,110,LAL,100,Win,Home,29,28,35,18,0,0,0,0,37,22,21,20,0,0,0,0
PHI,108,CHA,94,Win,Home,21,28,32,27,0,0,0,0,18,38,14,24,0,0,0,0
BKN,118,MEM,115,Win,Home,32,33,22,31,0,0,0,0,31,32,31,21,0,0,0,0
MIA,149,DEN,141,Win,Home,36,28,28,26,13,18,0,0,37,26,28,27,13,10,0,0
NY,110,CHI,92,Win,Home,19,28,36,27,0,0,0,0,18,19,30,25,0,0,0,0
SA,89,GS,75,Win,Home,30,19,12,28,0,0,0,0,21,20,22,12,0,0,0,0
SAC,90,DET,106,Loss,Home,21,23,22,24,0,0,0,0,25,19,29,33,0,0,0,0
ORL,86,TOR,93,Loss,Home,25,26,25,10,0,0,0,0,24,28,16,25,0,0,0,0
BOS,100,OKC,99,Win,Home,18,27,28,27,0,0,0,0,26,22,27,24,0,0,0,0
MIN,123,LAC,109,Win,Home,28,31,36,28,0,0,0,0,32,26,25,26,0,0,0,0
NO,115,DAL,105,Win,Home,29,25,26,35,0,0,0,0,30,22,28,25,0,0,0,0
UTA,94,ATL,99,Loss,Home,27,15,25,27,0,0,0,0,21,20,22,36,0,0,0,0
PHO,88,DET,115,Loss,Home,19,19,26,24,0,0,0,0,19,25,36,35,0,0,0,0
POR,111,HOU,115,Loss,Home,31,24,32,24,0,0,0,0,27,28,31,29,0,0,0,0
CLE,132,TOR,129,Win,Home,42,22,34,34,0,0,0,0,38,41,20,30,0,0,0,0
PHI,119,MEM,105,Win,Home,26,32,41,20,0,0,0,0,19,25,25,36,0,0,0,0
BKN,105,CHA,111,Loss,Home,34,28,25,18,0,0,0,0,22,21,32,36,0,0,0,0
MIA,119,NY,98,Win,Home,27,37,35,20,0,0,0,0,26,21,30,21,0,0,0,0
CHI,102,DEN,135,Loss,Home,25,21,24,32,0,0,0,0,39,38,36,22,0,0,0,0
MIL,120,LAC,127,Loss,Home,24,33,26,37,0,0,0,0,38,26,33,30,0,0,0,0
SA,98,WAS,90,Win,Home,18,32,27,21,0,0,0,0,18,26,16,30,0,0,0,0
NO,96,IND,92,Win,Home,24,27,16,29,0,0,0,0,25,25,19,23,0,0,0,0
CHA,140,MEM,79,Win,Home,37,38,37,28,0,0,0,0,14,28,15,22,0,0,0,0
ORL,98,PHI,118,Loss,Home,23,26,16,33,0,0,0,0,32,38,25,23,0,0,0,0
HOU,100,DET,96,Win,Home,21,27,23,17,12,0,0,0,27,23,18,20,8,0,0,0
NO,128,LAL,125,Win,Home,40,31,26,31,0,0,0,0,44,29,35,17,0,0,0,0
DAL,112,UTA,119,Loss,Home,34,24,23,31,0,0,0,0,37,28,31,23,0,0,0,0
SAC,105,ATL,90,Win,Home,25,24,31,25,0,0,0,0,28,16,27,19,0,0,0,0
IND,109,LAC,104,Win,Home,27,31,24,27,0,0,0,0,28,25,23,28,0,0,0,0
WAS,100,DEN,108,Loss,Home,16,27,33,24,0,0,0,0,23,32,23,30,0,0,0,0
CLE,120,PHO,95,Win,Home,23,39,31,27,0,0,0,0,27,18,26,24,0,0,0,0
NY,104,MIN,108,Loss,Home,22,26,34,22,0,0,0,0,31,26,27,24,0,0,0,0
TOR,116,BKN,112,Win,Home,31,28,25,32,0,0,0,0,32,32,27,21,0,0,0,0
CHI,105,MIL,118,Loss,Home,34,27,21,23,0,0,0,0,24,37,29,28,0,0,0,0
OKC,105,MIA,99,Win,Home,24,20,20,41,0,0,0,0,18,22,26,33,0,0,0,0
SA,124,UTA,120,Win,Home,29,27,21,37,10,0,0,0,21,30,22,41,6,0,0,0
POR,100,BOS,105,Loss,Home,26,26,25,23,0,0,0,0,23,24,20,38,0,0,0,0
GS,106,ATL,94,Win,Home,16,27,36,27,0,0,0,0,18,33,23,20,0,0,0,0
PHI,120,MIN,108,Win,Home,32,27,39,22,0,0,0,0,24,28,19,37,0,0,0,0
DET,117,CHI,95,Win,Home,36,30,29,22,0,0,0,0,22,25,29,19,0,0,0,0
ORL,105,PHO,99,Win,Home,26,12,39,28,0,0,0,0,23,23,28,25,0,0,0,0
HOU,114,NO,91,Win,Home,29,35,19,31,0,0,0,0,16,21,24,30,0,0,0,0
MEM,93,LAL,100,Loss,Home,28,29,14,22,0,0,0,0,17,35,19,29,0,0,0,0
DAL,98,CHA,102,Loss,Home,27,21,22,28,0,0,0,0,22,32,25,23,0,0,0,0
BKN,114,CLE,121,Loss,Home,30,32,27,25,0,0,0,0,28,32,27,34,0,0,0,0
MIL,106,SA,103,Win,Home,27,20,41,18,0,0,0,0,15,32,28,28,0,0,0,0
IND,113,MIA,107,Win,Home,21,31,30,14,17,0,0,0,30,23,21,22,11,0,0,0
SAC,93,BOS,104,Loss,Home,27,33,18,15,0,0,0,0,24,28,28,24,0,0,0,0
TOR,106,LAC,117,Loss,Home,35,25,20,26,0,0,0,0,28,25,27,37,0,0,0,0
WAS,97,NY,101,Loss,Home,21,32,18,26,0,0,0,0,19,42,16,24,0,0,0,0
OKC,105,POR,108,Loss,Home,17,35,28,25,0,0,0,0,34,23,25,26,0,0,0,0
HOU,118,ATL,99,Win,Home,33,36,25,24,0,0,0,0,20,25,29,25,0,0,0,0
GS,91,UTA,110,Loss,Home,22,25,18,26,0,0,0,0,18,35,36,21,0,0,0,0
CHA,137,NY,128,Win,Home,27,35,25,30,20,0,0,0,22,27,33,35,11,0,0,0
DET,112,LAL,106,Win,Home,26,27,28,31,0,0,0,0,29,26,21,30,0,0,0,0
PHI,123,DEN,104,Win,Home,23,28,34,38,0,0,0,0,27,32,15,30,0,0,0,0
MIN,93,MEM,101,Loss,Home,25,34,23,11,0,0,0,0,26,33,19,23,0,0,0,0
PHO,94,BOS,102,Loss,Home,15,30,20,29,0,0,0,0,31,17,29,25,0,0,0,0
WAS,116,SA,106,Win,Home,21,38,29,28,0,0,0,0,24,21,21,40,0,0,0,0
TOR,114,DEN,110,Win,Home,25,33,24,32,0,0,0,0,23,35,27,25,0,0,0,0
HOU,118,CHI,86,Win,Home,31,29,27,31,0,0,0,0,23,16,18,29,0,0,0,0
MIA,98,CLE,79,Win,Home,29,25,21,23,0,0,0,0,18,16,25,20,0,0,0,0
NO,103,POR,107,Loss,Home,24,25,26,28,0,0,0,0,20,26,25,36,0,0,0,0
SAC,97,DAL,103,Loss,Home,20,25,25,27,0,0,0,0,25,28,22,28,0,0,0,0
GS,81,IND,92,Loss,Home,27,21,22,11,0,0,0,0,18,21,29,24,0,0,0,0
LAC,105,MIL,98,Win,Home,35,27,16,27,0,0,0,0,29,27,26,16,0,0,0,0
CHA,105,CLE,118,Loss,Home,26,28,24,27,0,0,0,0,22,42,31,23,0,0,0,0
ORL,104,BKN,111,Loss,Home,33,18,30,23,0,0,0,0,36,22,27,26,0,0,0,0
PHI,118,NY,101,Win,Home,37,30,26,25,0,0,0,0,28,35,17,21,0,0,0,0
MEM,108,POR,103,Win,Home,20,33,23,32,0,0,0,0,28,30,23,22,0,0,0,0
MIN,126,ATL,114,Win,Home,34,31,33,28,0,0,0,0,32,25,31,26,0,0,0,0
UTA,94,BOS,97,Loss,Home,24,15,32,23,0,0,0,0,18,30,19,30,0,0,0,0
PHO,99,LAC,111,Loss,Home,32,24,26,17,0,0,0,0,27,31,27,26,0,0,0,0
LAL,103,DAL,93,Win,Home,32,23,27,21,0,0,0,0,34,22,25,12,0,0,0,0
DET,103,WAS,92,Win,Home,23,26,32,22,0,0,0,0,24,25,17,26,0,0,0,0
MIA,103,CHI,92,Win,Home,29,22,27,25,0,0,0,0,21,25,22,24,0,0,0,0
SA,103,OKC,99,Win,Home,24,35,18,26,0,0,0,0,29,27,25,18,0,0,0,0
SAC,103,IND,106,Loss,Home,28,28,23,24,0,0,0,0,28,33,18,27,0,0,0,0
GS,107,MIL,116,Loss,Home,27,22,23,35,0,0,0,0,29,29,34,24,0,0,0,0
ORL,82,CHI,90,Loss,Home,24,20,25,13,0,0,0,0,30,27,9,24,0,0,0,0
ATL,91,PHI,101,Loss,Home,27,14,18,32,0,0,0,0,30,17,39,15,0,0,0,0
CLE,107,NO,102,Win,Home,29,18,33,27,0,0,0,0,29,28,22,23,0,0,0,0
HOU,104,PHO,103,Win,Home,22,18,35,29,0,0,0,0,25,32,29,17,0,0,0,0
OKC,125,DEN,126,Loss,Home,28,30,21,35,11,0,0,0,27,35,30,22,12,0,0,0
DAL,92,MIN,93,Loss,Home,20,26,18,28,0,0,0,0,16,28,23,26,0,0,0,0
UTA,107,MEM,97,Win,Home,29,23,28,27,0,0,0,0,14,33,29,21,0,0,0,0
LAL,122,MIL,124,Loss,Home,34,23,26,29,10,0,0,0,39,29,29,15,12,0,0,0
POR,105,LAC,96,Win,Home,26,38,23,18,0,0,0,0,23,26,17,30,0,0,0,0
WAS,107,CHA,93,Win,Home,30,20,37,20,0,0,0,0,27,24,23,19,0,0,0,0
NY,109,DET,115,Loss,Home,27,27,30,25,0,0,0,0,30,26,29,30,0,0,0,0
BOS,110,TOR,99,Win,Home,31,22,29,28,0,0,0,0,33,22,29,15,0,0,0,0
MIA,109,BKN,110,Loss,Home,32,23,21,25,8,0,0,0,22,26,32,21,9,0,0,0
SAC,96,GS,112,Loss,Home,25,24,20,27,0,0,0,0,28,29,36,19,0,0,0,0
CHA,102,PHI,119,Loss,Home,29,22,27,24,0,0,0,0,28,32,31,28,0,0,0,0
CHI,113,WAS,94,Win,Home,36,32,19,26,0,0,0,0,27,32,16,19,0,0,0,0
LAC,104,IND,111,Loss,Home,30,21,27,26,0,0,0,0,22,28,26,35,0,0,0,0
SA,100,HOU,83,Win,Home,26,20,29,25,0,0,0,0,17,21,28,17,0,0,0,0
ATL,94,ORL,88,Win,Home,21,35,13,25,0,0,0,0,18,25,21,24,0,0,0,0
BKN,96,DET,108,Loss,Home,28,20,22,26,0,0,0,0,33,29,21,25,0,0,0,0
CLE,98,DAL,87,Win,Home,18,30,25,25,0,0,0,0,25,22,30,10,0,0,0,0
NO,104,OKC,109,Loss,Home,28,22,25,29,0,0,0,0,20,33,27,29,0,0,0,0
MIN,97,UTA,121,Loss,Home,26,24,21,26,0,0,0,0,28,33,26,34,0,0,0,0
DEN,128,MIL,125,Win,Home,22,41,16,32,17,0,0,0,34,20,38,19,14,0,0,0
GS,117,PHO,107,Win,Home,22,36,36,23,0,0,0,0,24,18,35,30,0,0,0,0
POR,113,MEM,98,Win,Home,32,23,43,15,0,0,0,0,24,27,24,23,0,0,0,0
LAL,83,SAC,84,Loss,Home,22,21,21,19,0,0,0,0,19,24,17,24,0,0,0,0
CLE,112,TOR,106,Win,Home,28,32,26,26,0,0,0,0,24,28,26,28,0,0,0,0
PHI,121,BKN,95,Win,Home,28,33,32,28,0,0,0,0,22,27,22,24,0,0,0,0
MIA,101,ATL,98,Win,Home,30,22,26,23,0,0,0,0,25,31,22,20,0,0,0,0
NY,73,ORL,97,Loss,Home,25,20,16,12,0,0,0,0,27,19,22,29,0,0,0,0
CHI,120,CHA,114,Win,Home,19,34,33,34,0,0,0,0,22,25,32,35,0,0,0,0
HOU,120,WAS,104,Win,Home,35,36,24,25,0,0,0,0,24,25,26,29,0,0,0,0
MIL,106,BOS,102,Win,Home,26,32,21,27,0,0,0,0,31,25,15,31,0,0,0,0
OKC,107,GS,111,Loss,Home,27,20,34,26,0,0,0,0,24,33,27,27,0,0,0,0
DAL,115,POR,109,Win,Home,22,28,32,33,0,0,0,0,22,27,29,31,0,0,0,0
DEN,107,IND,104,Win,Home,27,22,28,30,0,0,0,0,26,20,27,31,0,0,0,0
UTA,117,LAL,110,Win,Home,24,41,30,22,0,0,0,0,31,29,29,21,0,0,0,0
PHO,97,SAC,94,Win,Home,22,24,27,24,0,0,0,0,22,18,29,25,0,0,0,0
LAC,113,SA,110,Win,Home,17,32,23,41,0,0,0,0,31,25,27,27,0,0,0,0
DET,108,PHI,115,Loss,Home,28,21,22,37,0,0,0,0,36,29,23,27,0,0,0,0
ORL,105,DAL,100,Win,Home,33,23,21,28,0,0,0,0,22,29,23,26,0,0,0,0
TOR,96,BOS,78,Win,Home,14,29,24,29,0,0,0,0,20,13,20,25,0,0,0,0
ATL,86,MIA,115,Loss,Home,29,18,21,18,0,0,0,0,23,30,31,31,0,0,0,0
NO,123,MEM,95,Win,Home,32,33,32,26,0,0,0,0,23,30,20,22,0,0,0,0
LAL,122,SA,112,Win,Home,29,29,23,27,14,0,0,0,30,31,26,21,4,0,0,0
IND,126,GS,106,Win,Home,27,35,35,29,0,0,0,0,26,25,26,29,0,0,0,0
CLE,119,WAS,115,Win,Home,39,20,23,37,0,0,0,0,26,28,36,25,0,0,0,0
HOU,96,POR,94,Win,Home,36,30,18,12,0,0,0,0,17,27,27,23,0,0,0,0
MIL,111,BKN,119,Loss,Home,24,21,36,30,0,0,0,0,30,22,31,36,0,0,0,0
UTA,117,LAC,95,Win,Home,36,29,29,23,0,0,0,0,26,23,18,28,0,0,0,0
DEN,100,MIN,96,Win,Home,27,24,28,21,0,0,0,0,24,30,18,24,0,0,0,0
DET,113,DAL,106,Win,Home,22,31,25,23,12,0,0,0,24,30,21,26,5,0,0,0
ORL,100,CHA,137,Loss,Home,25,24,26,25,0,0,0,0,43,29,31,34,0,0,0,0
PHI,132,CLE,130,Win,Home,41,37,27,27,0,0,0,0,28,27,43,32,0,0,0,0
WAS,97,ATL,103,Loss,Home,22,26,29,20,0,0,0,0,21,31,29,22,0,0,0,0
BOS,111,CHI,104,Win,Home,30,25,24,32,0,0,0,0,30,28,18,28,0,0,0,0
NY,122,MIA,98,Win,Home,34,29,33,26,0,0,0,0,23,27,28,20,0,0,0,0
TOR,92,IND,73,Win,Home,26,19,27,20,0,0,0,0,14,19,16,24,0,0,0,0
MEM,93,SAC,94,Loss,Home,22,26,15,30,0,0,0,0,25,19,24,26,0,0,0,0
PHO,103,NO,122,Loss,Home,21,25,24,33,0,0,0,0,39,24,23,36,0,0,0,0
LAL,96,MIN,113,Loss,Home,26,32,15,23,0,0,0,0,30,21,29,33,0,0,0,0
LAC,115,DEN,134,Loss,Home,26,32,31,26,0,0,0,0,33,33,35,33,0,0,0,0
NY,102,MIL,115,Loss,Home,28,27,22,25,0,0,0,0,31,22,27,35,0,0,0,0
CHI,96,BKN,124,Loss,Home,23,28,26,19,0,0,0,0,28,35,33,28,0,0,0,0
GS,120,NO,126,Loss,Home,32,33,27,28,0,0,0,0,40,27,21,38,0,0,0,0
HOU,102,OKC,108,Loss,Home,30,32,21,19,0,0,0,0,36,25,19,28,0,0,0,0
SA,116,POR,105,Win,Home,32,22,27,35,0,0,0,0,33,23,21,28,0,0,0,0
CHA,117,IND,123,Loss,Home,25,32,24,36,0,0,0,0,31,39,25,28,0,0,0,0
PHI,109,DAL,97,Win,Home,28,33,24,24,0,0,0,0,20,28,28,21,0,0,0,0
MEM,130,DET,117,Win,Home,30,32,34,34,0,0,0,0,22,34,28,33,0,0,0,0
LAL,97,UTA,112,Loss,Home,21,23,23,30,0,0,0,0,30,20,32,30,0,0,0,0
TOR,112,ORL,101,Win,Home,35,26,28,23,0,0,0,0,24,26,24,27,0,0,0,0
BOS,106,ATL,112,Loss,Home,31,27,24,24,0,0,0,0,24,25,27,36,0,0,0,0
PHO,100,GS,117,Loss,Home,29,21,22,28,0,0,0,0,33,31,27,26,0,0,0,0
DET,98,TOR,108,Loss,Home,32,28,20,18,0,0,0,0,32,25,28,23,0,0,0,0
BKN,114,CHI,105,Win,Home,29,33,24,28,0,0,0,0,26,29,28,22,0,0,0,0
MIA,93,OKC,115,Loss,Home,27,25,29,12,0,0,0,0,21,28,27,39,0,0,0,0
NY,109,CLE,123,Loss,Home,25,24,28,32,0,0,0,0,26,35,29,33,0,0,0,0
MIL,102,ORL,86,Win,Home,31,14,29,28,0,0,0,0,21,21,25,19,0,0,0,0
MIN,113,MEM,94,Win,Home,20,36,27,30,0,0,0,0,26,27,22,19,0,0,0,0
SA,98,SAC,85,Win,Home,17,26,17,38,0,0,0,0,25,25,16,19,0,0,0,0
DEN,88,POR,82,Win,Home,28,14,24,22,0,0,0,0,23,26,20,13,0,0,0,0
LAC,100,NO,113,Loss,Home,23,26,22,29,0,0,0,0,31,28,34,20,0,0,0,0
IND,93,CHA,119,Loss,Home,25,30,16,22,0,0,0,0,37,26,24,32,0,0,0,0
ATL,113,PHI,121,Loss,Home,32,23,24,34,0,0,0,0,27,34,28,32,0,0,0,0
WAS,113,BOS,101,Win,Home,22,30,27,34,0,0,0,0,30,24,18,29,0,0,0,0
DAL,97,PHO,124,Loss,Home,26,28,22,21,0,0,0,0,29,15,39,41,0,0,0,0
UTA,119,GS,79,Win,Home,33,29,31,26,0,0,0,0,16,17,23,23,0,0,0,0
LAL,99,HOU,105,Loss,Home,16,32,27,24,0,0,0,0,23,33,26,23,0,0,0,0
BOS,110,BKN,97,Win,Home,27,26,30,27,0,0,0,0,22,21,27,27,0,0,0,0
CHI,87,DET,119,Loss,Home,21,29,24,13,0,0,0,0,35,31,28,25,0,0,0,0
CLE,98,NY,110,Loss,Home,20,17,34,27,0,0,0,0,20,37,27,26,0,0,0,0
MIA,116,TOR,109,Win,Home,27,20,24,34,11,0,0,0,29,24,25,27,4,0,0,0
MIN,112,DEN,106,Win,Home,29,33,24,15,11,0,0,0,26,28,27,20,5,0,0,0
NO,122,SA,98,Win,Home,27,34,29,32,0,0,0,0,26,17,29,26,0,0,0,0
OKC,137,MEM,123,Win,Home,38,39,28,32,0,0,0,0,28,29,39,27,0,0,0,0
ORL,101,WAS,92,Win,Home,26,29,21,25,0,0,0,0,23,22,30,17,0,0,0,0
PHI,130,MIL,95,Win,Home,46,34,25,25,0,0,0,0,18,26,31,20,0,0,0,0
LAC,100,LAL,115,Loss,Home,32,21,21,26,0,0,0,0,39,25,28,23,0,0,0,0
POR,102,UTA,93,Win,Home,28,27,25,22,0,0,0,0,21,20,18,34,0,0,0,0
SAC,96,HOU,83,Win,Home,28,24,27,17,0,0,0,0,22,22,19,20,0,0,0,0
